
; 64tass Turbo Assembler Macro V1.60.3243 listing file
; 64tass -a -B -b -I target/native-desktop -o target/native-desktop/gdset.bin -l target/native-desktop/gdset.sym -L target/native-desktop/gdset.lst src/native/gemdesk-set.asm
; Thu Oct  8 12:58:15 2026

;Offset	;Hex		;Monitor	;Source

;******  Processing input file: src/native/gemdesk-set.asm


;******  Processing file: target/native-desktop/gemdesk.sym

=$944a					ae_km_hold	= $944a
=$3d0d					N_ERROR		= $3d0d
=$ae7f					bk_fetch_tail	= $ae7f
=$acd4					bk_service_call	= $acd4
=2					MU_BUTTON	= 2
=$9920					gfx_bind_handle	= $9920
=$7ad3					gm_clip_to_rect	= $7ad3
=$81a9					gm_icon_dev_lo	= $81a9
=$b224					bk_stub		= $b224
=$75cd					gm_set_title	= $75cd
=$7ca4					gm_set_rect	= $7ca4
=$9799					dc_line		= $9799
=$7338					gm_path_store	= $7338
=15					WF_HSLSIZE	= 15
=$6263					gm_n32_bit	= $6263
=$85a9					gm_usb_title	= $85a9
=$a688					pm_saved	= $a688
=$1bf0					N_NMIGATE	= $1bf0
=16					AE_DATA_PAGES	= 16
=$3d9e					N_DOCRESUME	= $3d9e
=$9319					ae_event_wait	= $9319
=1					AE_OP_STATUS	= 1
=$5000					N_RELOCBASE	= $5000
=$614d					bp_select_surface= $614d
=8					UI_STATE_BYTES	= 8
=$99b9					gfx_glyph_add	= $99b9
=$9758					dc_bad		= $9758
=$3d3e					N_NMIPTR	= $3d3e
=$7ba0					gm_scroll_down	= $7ba0
=$6584					gm_hit_next	= $6584
=$9ca2					gfx_glyph_first	= $9ca2
=$1c5f					N_MLOAD		= $1c5f
=$79be					gm_format_row	= $79be
=5					WS_GET		= 5
=$7f61					gm_open_entry	= $7f61
=$3de0					NFCMDS		= $3de0
=$a098					gfx_font	= $a098
=$aeca					bk_load		= $aeca
=$b125					bk_close_done	= $b125
=$86f1					gm_dev_format	= $86f1
=$5000					GM_WORKSPACE	= $5000
=$16					GM_DESK		= $16
=$6307					gm_alert_icon	= $6307
=$a663					pm_active	= $a663
=6					UI_VIEW80	= 6
=5					N_U_INTERFACES	= 5
=12					GM_MOP_PRINT	= 12
=$1c2c					N_FILL		= $1c2c
=$71fe					gm_restore_color= $71fe
=1					N_ABI_MAJOR	= 1
=6					WF_PREVXYWH	= 6
=$3dc0					NFILES		= $3dc0
=$7488					gm_ult_fullname	= $7488
=11					AE_OP_DCLICK	= 11
=$7b9d					gm_page_down	= $7b9d
=$624a					gm_wcall	= $624a
=$948e					ae_menu_copied	= $948e
=$76e1					gm_ucmd_at	= $76e1
=$750c					gm_fn_close	= $750c
=$61b0					gm_open_aesvc	= $61b0
=$620a					gm_open_now	= $620a
=$841e					gm_bad_chars	= $841e
=$6c86					gm_atype	= $6c86
=7					GM_MOP_RESTORE	= 7
=$99d4					gfx_glyph_empty	= $99d4
=$ace1					bk_dispatch	= $ace1
=$acb3					bk_protect_code	= $acb3
=$3d85					N_FDEVICE	= $3d85
=127					DC_LFN		= 127
=$879c					gm_win_sel	= $879c
=$6e1a					gm_delete	= $6e1a
=$12					N_SHORTIMAGE	= $12
=11					GM_MOP_DISKCOPY	= 11
=$1014					pk_entry	= $1014
=$1c20					N_ALLOC		= $1c20
=$a609					pm_delta	= $a609
=$8777					gm_divisor	= $8777
=$7654					gm_title_q	= $7654
=$702b					gm_refresh_next	= $702b
=$73a3					gm_upath_to_path= $73a3
=$1000					N_SYSLIMIT	= $1000
=$876d					gm_math4	= $876d
=$876c					gm_math3	= $876c
=$876b					gm_math2	= $876b
=$8702					gm_alen		= $8702
=$3d3b					N_UIBUSY	= $3d3b
=$6907					gm_scan_page	= $6907
=$6189					gm_aes_ready	= $6189
=$a633					pm_place	= $a633
=1					AE_MIRROR	= 1
=$ad92					bk_compare_cookie= $ad92
=22					WM_CLOSED	= 22
=$943d					ae_km_keys	= $943d
=$6a87					gm_chunk_heap	= $6a87
=$81d6					gm_icon_bits	= $81d6
=$86d0					gm_s_nomodule2	= $86d0
=$abd2					vd_handle	= $abd2
=$9f77					gfx_right_masks	= $9f77
=$7aa1					gm_read_done	= $7aa1
=$6615					gm_deselect_icon= $6615
=$a9ca					bp_closed	= $a9ca
=$877c					gm_ix0		= $877c
=$877e					gm_ix1		= $877e
=$ace4					bk_service_return= $ace4
=$0020					WK_SIZER	= $0020
=$3d50					N_MHEADER	= $3d50
=$91e0					ae_attach	= $91e0
=$6cc8					gm_info_end	= $6cc8
=$9e89					gfx_aligned_set	= $9e89
=$9866					dc_text		= $9866
=$10ac					pk_extended	= $10ac
=$8623					gm_s_nosave	= $8623
=$6020					gm_start	= $6020
=$664d					gm_key		= $664d
=$10ad					pk_rejected	= $10ad
=$683f					gm_icon_drive	= $683f
=$a5d0					pm_button	= $a5d0
=2					AE_CAP_EVENT	= 2
=$6fab					gm_del_text_end	= $6fab
=$3d2e					N_BROWSERLEN	= $3d2e
=$6054					gm_loop		= $6054
=$9891					dc_iostatus	= $9891
=$8645					gm_mtoken	= $8645
=$aec9					bk_relative	= $aec9
=$a470					pm_close_return	= $a470
=$1070					pk_reject	= $1070
=$9ca5					gfx_glyph_ink	= $9ca5
=$7aa2					gm_work		= $7aa2
=$ac82					bk_callback	= $ac82
=$a5f2					pm_release	= $a5f2
=$3d2a					N_BROWSERFMT	= $3d2a
=$1c4a					N_FCLOSE	= $1c4a
=$7bb5					gm_scrolled	= $7bb5
=$6aef					gm_ins_outer	= $6aef
=$6c2a					gm_show_info	= $6c2a
=$9959					gfx_guard	= $9959
=$84fe					gm_suffix	= $84fe
=$9450					ae_menu_install	= $9450
=$8819					gm_bnow		= $8819
=$9a85					gfx_clip_compared= $9a85
=$6bfe					gm_view_done	= $6bfe
=$9f1e					gfx_owner	= $9f1e
=$8084					gm_times8	= $8084
=$7d3b					gm_select_entry	= $7d3b
=5					AE_OP_POST	= 5
=$a054					gfx_text_length	= $a054
=$7e83					gm_band		= $7e83
=$b038					bk_load_more	= $b038
=$740f					gm_ult_scan_next= $740f
=6					WS_FIND		= 6
=$6e69					gm_del_named	= $6e69
=3					AE_OP_STEP	= 3
=$10ae					pk_mask		= $10ae
=$8818					gm_banchor	= $8818
=$878c					gm_win_dev	= $878c
=$608f					gm_fatal	= $608f
=$7cb4					gm_fulled	= $7cb4
=$3d0e					N_FREE0		= $3d0e
=$3d0f					N_FREE1		= $3d0f
=$aa1a					vd_poll		= $aa1a
=$1c6b					N_VCLOSE	= $1c6b
=9					N_U_QUERY_COUNT	= 9
=$86e7					gm_digits	= $86e7
=$7644					gm_title_char	= $7644
=$a52e					pm_poll_return	= $a52e
=$6ad7					gm_rec_put	= $6ad7
=48					AE_CLICK_TICKS	= 48
=$a670					pm_down		= $a670
=$8703					gm_abuf		= $8703
=$837e					gm_s_used	= $837e
=$8050					gm_free_mem	= $8050
=$3d2b					N_BROWSERERROR	= $3d2b
=$7539					gm_ult_document	= $7539
=195					GM_MAX_ENTRIES	= 195
=$0004					WK_FULLER	= $0004
=$8815					gm_bi		= $8815
=$9c6c					gfx_column	= $9c6c
=$77a7					gm_document_launch= $77a7
=$8814					gm_bm		= $8814
=$6b3a					gm_next_gap	= $6b3a
=$3d9f					N_RCACHE	= $3d9f
=6					N_U_MAC		= 6
=$62bb					gm_am_row	= $62bb
=$9f4c					gfx_band_left	= $9f4c
=$1c2f					N_STATS		= $1c2f
=$85c4					gm_stop		= $85c4
=$aec3					bk_result	= $aec3
=$a675					pm_step		= $a675
=$9b01					gfx_clip_cell	= $9b01
=$9441					ae_km_dx	= $9441
=$9445					ae_km_dy	= $9445
=$86a8					gm_prt_sa	= $86a8
=$9214					ae_stream_taken	= $9214
=$3d28					N_ACTION	= $3d28
=$9c01					gfx_bitmap_row	= $9c01
=$abcb					vd_phase	= $abcb
=$80ca					gm_div		= $80ca
=8					WF_HSLIDE	= 8
=$9b92					gfx_failed	= $9b92
=$9f37					gfx_remaining	= $9f37
=$3d99					N_DCOUNT	= $3d99
=$9eab					gfx_glyph_row	= $9eab
=4					MU_M1		= 4
=$70f3					gm_drag_box	= $70f3
=4					N_U_POWER_B	= 4
=$77f2					gm_ult_peek	= $77f2
=$9f3e					gfx_second	= $9f3e
=3					N_U_POWER_A	= 3
=$66ac					gm_key_done	= $66ac
=$7372					gm_pw		= $7372
=$925f					ae_event	= $925f
=$9415					ae_km_y		= $9415
=$671b					gm_menu_options	= $671b
=$a694					pm_shape	= $a694
=$ab6b					vm_dirty	= $ab6b
=$750a					gm_fn_missing	= $750a
=16					GM_BELL		= 16
=$aeae					bk_file		= $aeae
=6					AE_OP_MENU	= 6
=32					AE_CAP_DCLICK	= 32
=$6dcb					gm_aput		= $6dcb
=$3d16					N_RESULT	= $3d16
=$64e3					gm_copy		= $64e3
=$a390					gfx_text_end	= $a390
=$9dc9					gfx_band_pixel	= $9dc9
=$ade1					bk_check_code	= $ade1
=$6420					gm_draw_icon	= $6420
=$625f					gm_n32_digit	= $625f
=$6eef					gm_del_many	= $6eef
=$6000					N_APPBASE	= $6000
=$85c3					gm_sslot	= $85c3
=2					GM_MOP_PREFS	= 2
=$83a5					gm_s_undone	= $83a5
=$ab9e					vm_first	= $ab9e
=$7fdd					gm_launcher	= $7fdd
=$6e4d					gm_del_copy	= $6e4d
=$abbf					bp_result	= $abbf
=$68ba					gm_df_found	= $68ba
=$6529					gm_label_clear	= $6529
=$81c4					gm_label_trash	= $81c4
=$8816					gm_ei		= $8816
=$9f1f					gfx_handle	= $9f1f
=$86dd					gm_new_icon	= $86dd
=$7513					gm_ult_open_entry= $7513
=$9f39					gfx_right	= $9f39
=$1c5c					N_FDRAW		= $1c5c
=$a67c					pm_registers	= $a67c
=$68be					gm_df_done	= $68be
=$7c8d					gm_wset_value	= $7c8d
=$6528					gm_icon_done	= $6528
=$3d9b					N_DOCKIND	= $3d9b
=$6f37					gm_del_all	= $6f37
=$8026					gm_close_slot	= $8026
=$857a					gm_s_usbfail	= $857a
=$97f0					dc_get_bad	= $97f0
=$86de					gm_slot		= $86de
=$abc2					bp_name		= $abc2
=$b0f1					bk_load_badarg	= $b0f1
=$a668					pm_x		= $a668
=$a66a					pm_y		= $a66a
=$63fb					gm_icons_clip_reset= $63fb
=$ada5					bk_platform	= $ada5
=$8700					gm_total	= $8700
=$a8a2					nk_saved_callback= $a8a2
=$83ce					gm_s_nodelete	= $83ce
=$3d37					N_UIKEY		= $3d37
=$3d9d					N_DOCRETURN	= $3d9d
=$8296					gm_menu		= $8296
=$b234					bk_crc		= $b234
=$69ab					gm_scan_fail	= $69ab
=$8540					gm_s_notusb	= $8540
=$71e6					gm_session_built= $71e6
=$acc2					bk_protect_parent= $acc2
=$109e					pk_pass		= $109e
=$3d01					N_PAGES		= $3d01
=$87a0					gm_nsel		= $87a0
=$8644					gm_mop		= $8644
=8					N_U_TIME	= 8
=$7117					gm_session_build= $7117
=$3d2d					N_BOOTDEVICE	= $3d2d
=$877f					gm_iy1		= $877f
=$877d					gm_iy0		= $877d
=$84b5					gm_full_alert	= $84b5
=$8790					gm_win_fmt	= $8790
=$9f47					gfx_glyph_bounds= $9f47
=$9318					ae_event_done	= $9318
=6					GM_MOP_COPY	= 6
=$6419					gm_icon_next	= $6419
=$aeb2					bk_cookie	= $aeb2
=$7fd7					gm_launcher_leave= $7fd7
=$922b					ae_alert_read	= $922b
=$6f96					gm_del_text	= $6f96
=$84e4					gm_confirm	= $84e4
=$0040					WK_UPARROW	= $0040
=$7b65					gm_clip_empty	= $7b65
=$8808					gm_slot25	= $8808
=$94db					ae_ev_result	= $94db
=9					WF_VSLIDE	= 9
=$981e					dc_digit	= $981e
=$7e51					gm_each_call	= $7e51
=$91e6					ae_load		= $91e6
=$9cd2					gfx_set		= $9cd2
=$6dbf					gm_astr_src	= $6dbf
=$69b5					gm_sort_write	= $69b5
=$adb7					bk_bad_handle	= $adb7
=$75ca					gm_close_full	= $75ca
=$66dd					gm_menu_control	= $66dd
=$b232					bk_expected	= $b232
=$a95c					bp_loaded	= $a95c
=$10af					pk_masks	= $10af
=8					AE_CAP_WINDOW	= 8
=$4e00					N_UPATH		= $4e00
=$69aa					gm_scan_done	= $69aa
=$7d1f					gm_row_under	= $7d1f
=$a57c					pm_left		= $a57c
=$835d					gm_s_head	= $835d
=$9215					ae_alert_open	= $9215
=$7592					gm_close_or_up	= $7592
=4					GM_PRINTER	= 4
=$7f35					gm_band_done	= $7f35
=$7ffe					gm_slot_of	= $7ffe
=$661e					gm_repaint_icon_sel= $661e
=3					GM_USB		= 3
=$0080					WK_DNARROW	= $0080
=$9ae9					gfx_clipped_bitmap= $9ae9
=$3d08					N_OFFSET	= $3d08
=$a449					pm_close	= $a449
=$69cb					gm_write_chunk	= $69cb
=$614d					gm_select_surface= $614d
=$975c					dc_channels	= $975c
=$9f5f					gfx_clip_full	= $9f5f
=$98ca					sd_bell		= $98ca
=$7d70					gm_toggle	= $7d70
=1					WS_OPEN		= 1
=$1c26					N_READ		= $1c26
=1					gfx_track_dirty	= 1
=$7bbb					gm_scroll_done	= $7bbb
=$76c9					gm_ult_del_done	= $76c9
=$9f6f					gfx_left_masks	= $9f6f
=$a679					pm_sample	= $a679
=$7228					gm_module_run	= $7228
=$b071					bk_load_eof	= $b071
=$10ba					pk_end		= $10ba
=$3d12					N_READY		= $3d12
=$86f8					gm_m		= $86f8
=$abe7					vd_pointer_y	= $abe7
=1					N_U_HARDWARE	= 1
=$6341					gm_message	= $6341
=$81b2					gm_icon_label_hi= $81b2
=$6ad7					gm_rec_dst	= $6ad7
=$aa7c					bp_gate_failed	= $aa7c
=$9865					dc_length	= $9865
=$6b26					gm_ins_place	= $6b26
=$61af					gm_aes_failed	= $61af
=$a672					pm_hit		= $a672
=8					WS_SURFACE	= 8
=$8000					N_STAGELIMIT	= $8000
=$4a00					N_BROWSERPATH	= $4a00
=$63a4					gm_message_done	= $63a4
=$62b9					ae_present	= $62b9
=$6f51					gm_relist_slot	= $6f51
=$99d9					gfx_begin	= $99d9
=$7eb8					gm_band_loop	= $7eb8
=$3d24					N_EXITCODE	= $3d24
=$9a8e					gfx_clip_start	= $9a8e
=$8065					gm_select_mem_x	= $8065
=$85bc					gm_desk_color	= $85bc
=$9449					ae_km_click	= $9449
=$abcd					vd_color	= $abcd
=0					N_OK		= 0
=4					GM_WINDOWS	= 4
=$3d3c					N_UOP		= $3d3c
=$3d20					N_CURRENT	= $3d20
=$a666					pm_pending	= $a666
=0					GFX_TEXT_STORAGE= 0
=$abf2					ru_probe_live	= $abf2
=$1c3e					N_EXIT		= $1c3e
=$ab67					bp_argument	= $ab67
=$1c41					N_FOPEN		= $1c41
=$3d25					N_DOSCODE	= $3d25
=0					AE_OP_ATTACH	= 0
=$abbd					bp_prefix	= $abbd
=$86dc					gm_icon_sel	= $86dc
=$86d3					gm_surface	= $86d3
=$3d23					N_APPSTATE	= $3d23
=$881a					gm_batch	= $881a
=2					UI_MAXIMUM	= 2
=$9754					dc_io		= $9754
=$8609					gm_dclick	= $8609
=$94ef					ae_ev_first	= $94ef
=$a8a4					nk_filter_image	= $a8a4
=$a665					pm_tick		= $a665
=$73fa					gm_ult_read	= $73fa
=$9ecf					gfx_glyph_shifted= $9ecf
=$79d9					gm_rec_src	= $79d9
=$62f4					gm_alert	= $62f4
=$9f3c					gfx_cover	= $9f3c
=$943c					ae_km_done	= $943c
=$a671					pm_arm		= $a671
=$8947					gm_win_plen	= $8947
=$99ae					gfx_glyph_negative= $99ae
=10					GM_MOP_PRTSCR	= 10
=60					GM_REC_PRINTER	= 60
=$894b					gm_name		= $894b
=2					WS_CLOSE	= 2
=$a714					nk_install	= $a714
=$9a90					gfx_clip_replace= $9a90
=$aebf					bk_busy		= $aebf
=$9801					dc_restore	= $9801
=$16					N_MEXHAUSTED	= $16
=14985					SD_BELL_FREQ	= 14985
=$9493					ae_menu_set	= $9493
=$8775					gm_prod		= $8775
=$6bb4					gm_cmp_rev	= $6bb4
=$86a9					gm_lock_want	= $86a9
=$1c26					gfx_heap_read	= $1c26
=$aa49					bp_pointer	= $aa49
=$abcc					vd_live		= $abcc
=$6aae					gm_copy_rec	= $6aae
=1					N_BADARG	= 1
=$7031					gm_release	= $7031
=12					AE_OP_ACC	= 12
=$9998					gfx_glyph_origin= $9998
=$ab27					bp_open_source	= $ab27
=$a674					pm_moved	= $a674
=$93fd					ae_km_left	= $93fd
=13					GM_MOP_LOCK	= 13
=$1c23					N_FREE		= $1c23
=$aa86					bp_arguments	= $aa86
=$9a11					gfx_color_limits= $9a11
=$658b					gm_click	= $658b
=$7322					gm_prt_quiet	= $7322
=0					N_U_IDENTIFY	= 0
=$9b95					gfx_bitmap_setup= $9b95
=20					WM_REDRAW	= 20
=$80ea					gm_cells_hi0	= $80ea
=$7506					gm_fn_long	= $7506
=$3d98					N_DNEXT		= $3d98
=$8832					gm_rec		= $8832
=$65ec					gm_click_desktop= $65ec
=$1c53					N_REPLACE	= $1c53
=$94f1					ae_ev_window	= $94f1
=$8487					gm_drive_alert	= $8487
=$8179					gm_cards_name	= $8179
=$7485					gm_ult_scan_fail0= $7485
=$ada9					bk_invalid	= $ada9
=$a76c					nk_close	= $a76c
=$94f9					ae_pointer_buttons= $94f9
=$abc0					bp_carry	= $abc0
=$9c5c					gfx_bitmap_loaded= $9c5c
=$70ed					gm_drop_print	= $70ed
=$6b83					gm_cmp_name	= $6b83
=$7dd4					gm_bit_set	= $7dd4
=$86fc					gm_ins_val	= $86fc
=$3d9c					N_DOCTYPE	= $3d9c
=$9e11					gfx_band_store	= $9e11
=$9f7f					gfx_rows	= $9f7f
=$683e					gm_open_quiet	= $683e
=$3d13					N_KEYS		= $3d13
=96					GM_APP_PAGES	= 96
=$9ab6					gfx_nonempty_x	= $9ab6
=$93a0					ae_key_mouse	= $93a0
=$97f1					dc_get_end	= $97f1
=$853e					gm_target	= $853e
=$86e6					gm_ndig		= $86e6
=$aa51					bp_invoke	= $aa51
=0					PM_KEYS_OWNED	= 0
=$7376					gm_path_root	= $7376
=$86e0					gm_fmt		= $86e0
=$6ade					gm_gap_loop	= $6ade
=$5000					AE_DATA		= $5000
=$7326					gm_path_page	= $7326
=$6000					BK_BASE		= $6000
=$abd0					vd_base		= $abd0
=$9b56					gfx_color_x	= $9b56
=$6eee					gm_del_none	= $6eee
=$86bc					gm_s_nomodule	= $86bc
=$876a					gm_math		= $876a
=$86db					gm_start_error	= $86db
=$ae83					bk_jump_tail	= $ae83
=$8826					gm_mem1		= $8826
=$8822					gm_mem0		= $8822
=$882e					gm_mem3		= $882e
=$882a					gm_mem2		= $882a
=$85be					gm_orect	= $85be
=$8501					gm_s_unproven	= $8501
=$ada1					bk_nested	= $ada1
=8					AE_OP_WINDOW	= 8
=$768d					gm_ult_attr	= $768d
=$abe8					vs_reu		= $abe8
=$3de4					N_BOOTFORMAT	= $3de4
=0					BP_HISTORY	= 0
=$9437					ae_km_eaten	= $9437
=$1c68					N_VSHOW		= $1c68
=$11					N_IOERROR	= $11
=$9a9c					gfx_clip_keep	= $9a9c
=$9f12					gfx_x0		= $9f12
=$9f16					gfx_x1		= $9f16
=$8ad9					ae_callback	= $8ad9
=$3d38					N_UIWIDTH	= $3d38
=$9f1d					gfx_bound	= $9f1d
=$6bd6					gm_set_view	= $6bd6
=$83e6					gm_s_error	= $83e6
=$8362					gm_s_type	= $8362
=$adb9					bk_finish	= $adb9
=$66ad					gm_key_drive	= $66ad
=$6a7d					gm_chunk_size	= $6a7d
=$3d29					N_BROWSERDEV	= $3d29
=$6fae					gm_printable	= $6fae
=30					N_AESOWNER	= 30
=$3de5					N_CLIPBOARD	= $3de5
=$9993					gfx_glyph_failed= $9993
=$9d83					gfx_band_next	= $9d83
=$3d3a					N_UIERROR	= $3d3a
=$9ef0					gfx_restore_handle= $9ef0
=$6fc9					gm_del_head	= $6fc9
=$3da0					N_FNAME		= $3da0
=$6a1b					gm_chunk_fail	= $6a1b
=$6569					gm_icon_hit	= $6569
=$a94a					vd_open		= $a94a
=7					AE_MINOR	= 7
=$acf5					bk_enter	= $acf5
=$a76b					nk_return	= $a76b
=$70c6					gm_row_drop	= $70c6
=$9d55					gfx_xor_load	= $9d55
=$94f8					ae_pointer_y	= $94f8
=$94f6					ae_pointer_x	= $94f6
=$1c00					N_LOWLIMIT	= $1c00
=$7a59					gm_read_rows	= $7a59
=8					N_PLATFORM	= 8
=$7dec					gm_bit		= $7dec
=$6f70					gm_error_hex	= $6f70
=$7512					gm_fn_done	= $7512
=$a095					gfx_text_left	= $a095
=7					WS_FILL		= 7
=$9f38					gfx_left	= $9f38
=$3d0c					N_VALUE		= $3d0c
=$84e5					gm_editor_name	= $84e5
=$86bb					gm_mwanted	= $86bb
=32					N_APPOWNER	= 32
=$adad					bk_enter_failed	= $adad
=$9751					dc_open_failed	= $9751
=$615f					gm_bind		= $615f
=$13					N_LONGIMAGE	= $13
=$9b16					gfx_clip_divide	= $9b16
=$aa07					bp_presented	= $aa07
=$9380					ae_read_pointer	= $9380
=$84f5					gm_upnt		= $84f5
=$946e					ae_menu_write	= $946e
=$61					GM_ICON_SELECTED= $61
=$9a77					gfx_clip_intersect= $9a77
=$86a7					gm_prt_dev	= $86a7
=12					WF_NEXTXYWH	= 12
=$7bcb					gm_vslid	= $7bcb
=$a664					pm_seen		= $a664
=$8699					gm_mop_module	= $8699
=29					N_ACCOWNER	= 29
=$8170					gm_aesvc_name	= $8170
=0					WS_CREATE	= 0
=$6bff					gm_view_fail	= $6bff
=$3d10					N_SLOTS		= $3d10
=$9d97					gfx_band_failed	= $9d97
=$9f1b					gfx_color	= $9f1b
=0					UI_LENGTH	= 0
=$8770					gm_rb		= $8770
=$1c59					N_FEDIT		= $1c59
=$944b					ae_post		= $944b
=$9f2f					gfx_operation	= $9f2f
=10					WF_TOP		= 10
=$b18f					bk_write_chunk	= $b18f
=$8648					gm_mod_names	= $8648
=$6168					gm_aes_setup	= $6168
=$abc1					bp_error	= $abc1
=$84fd					gm_doc_kind	= $84fd
=$98bc					dc_saved	= $98bc
=$876f					gm_ra		= $876f
=$705b					gm_drag_loop	= $705b
=$9a5a					gfx_clip_high	= $9a5a
=$9711					dc_read		= $9711
=$1c3b					N_KEYIN		= $1c3b
=$9adb					gfx_glyph_unclipped= $9adb
=$a019					gfx_text_advance= $a019
=$7480					gm_ult_scan_fail= $7480
=$1c38					N_LAUNCH	= $1c38
=$6ab0					gm_rec_src2	= $6ab0
=$86f9					gm_gap		= $86f9
=$86f2					gm_count	= $86f2
=$94a1					ae_session_read	= $94a1
=4					GM_KEYCLICK	= 4
=$974e					dc_close_failed	= $974e
=$9f35					gfx_xbyte	= $9f35
=$988f					dc_code2	= $988f
=$9a4a					gfx_clip_zero	= $9a4a
=$a573					pm_right	= $a573
=$8817					gm_bend		= $8817
=$a798					nk_codes	= $a798
=15					N_ABI_MINOR	= 15
=$7182					gm_session_window= $7182
=$8099					gm_mulrec	= $8099
=$ab1c					bp_iec_name	= $ab1c
=$7d5b					gm_select_index	= $7d5b
=$a673					pm_event	= $a673
=$7665					gm_not_usb	= $7665
=3					N_NOSLOT	= 3
=$91d5					ae_unload	= $91d5
=$15					N_CHANNELS	= $15
=$94af					ae_dclick	= $94af
=$3d27					N_APPERROR	= $3d27
=$3e00					N_BROWSERNAME	= $3e00
=$9ea2					gfx_aligned_write= $9ea2
=5					UI_VIEW40	= 5
=$3900					NPAGES1		= $3900
=$3800					NPAGES0		= $3800
=$9434					ae_km_set_y	= $9434
=$b141					bk_select_file	= $b141
=0					BP_STATE_STORAGE= 0
=$a667					pm_sample_line	= $a667
=$95fa					gm_paths	= $95fa
=$9f31					gfx_offset	= $9f31
=2					N_NOMEM		= 2
=$aeaa					bk_handle	= $aeaa
=$9864					dc_device	= $9864
=7					N_U_IP		= 7
=$9271					ae_event_sample	= $9271
=$819a					gm_icon_y	= $819a
=9					GM_REC_COUNT	= 9
=$86f4					gm_drag		= $86f4
=$881b					gm_s_items	= $881b
=$85a1					gm_s_usbhex	= $85a1
=$97f3					dc_close	= $97f3
=$aea9					bk_state	= $aea9
=$9c7d					gfx_mask_last	= $9c7d
=$9b36					gfx_color_rows	= $9b36
=$9e0b					gfx_band_set	= $9e0b
=$68b7					gm_df_next	= $68b7
=17					WF_DESKCOLOR	= 17
=$68bf					gm_df_none	= $68bf
=$1c65					N_MCLOSE	= $1c65
=$3a00					N_BUFFER	= $3a00
=$6a2f					gm_load_chunk	= $6a2f
=$3d97					N_DPAGE		= $3d97
=$61fa					gm_open_iec	= $61fa
=$86e1					gm_mbit		= $86e1
=$3d91					N_FBUSY		= $3d91
=$766e					gm_usb_error	= $766e
=$7873					gm_peek_done	= $7873
=$0800					WK_HSLIDE	= $0800
=$9f3d					gfx_first	= $9f3d
=$a677					pm_columns	= $a677
=$ac58					bk_return	= $ac58
=$6afb					gm_ins_inner	= $6afb
=$3d15					N_LASTKEY	= $3d15
=$7bbc					gm_max_top	= $7bbc
=$a00f					gfx_text_saturate= $a00f
=$a678					pm_previous	= $a678
=31					N_CLIPOWNER	= 31
=$adc5					bk_check_tails	= $adc5
=$98c6					dc_eoi		= $98c6
=40					DC_MAX		= 40
=$9760					dc_blocks_free	= $9760
=$8425					gm_about	= $8425
=$3d0a					N_COUNT		= $3d0a
=$8794					gm_win_count	= $8794
=$9f18					gfx_y1		= $9f18
=$9f14					gfx_y0		= $9f14
=$9f3b					gfx_old		= $9f3b
=$aec6					bk_saved_regs	= $aec6
=6					GM_GAP_COUNT	= 6
=$3d8b					N_FACTUAL	= $3d8b
=$6d15					gm_info_page	= $6d15
=$9b45					gfx_color_multiply= $9b45
=$abd1					vd_pages	= $abd1
=$b1c4					bk_crc_buffer	= $b1c4
=$3d92					N_FPOSITION	= $3d92
=$b21c					bk_prefix	= $b21c
=$6f63					gm_del_badname	= $6f63
=$6e25					gm_delete_slot	= $6e25
=$6bd3					gm_menu_view	= $6bd3
=$7386					gm_path_to_upath= $7386
=0					BP_MODE		= 0
=$a66b					pm_old		= $a66b
=$0c00					N_SYSBASE	= $0c00
=6					N_RANGE		= 6
=$6746					gm_open_selection= $6746
=$86f6					gm_vslot	= $86f6
=$7656					gm_title_ok	= $7656
=$6165					pm_find_hit	= $6165
=$3d80					N_FOWNER	= $3d80
=$8160					gm_hex_digits	= $8160
=$63bb					gm_redraw_desktop= $63bb
=$3d22					N_NAMELEN	= $3d22
=$662f					gm_redraw_icon_cells= $662f
=$a7a2					nk_saved_keys	= $a7a2
=$b0ec					bk_checksum	= $b0ec
=1					AE_MAJOR	= 1
=$a026					gfx_load_glyph	= $a026
=$9d5a					gfx_xor_store	= $9d5a
=$8798					gm_win_top	= $8798
=$abe9					vs_token	= $abe9
=$800d					gm_top_slot	= $800d
=$699c					gm_scan_end	= $699c
=$755e					gm_ult_rescan	= $755e
=$9893					dc_status_length= $9893
=7					AE_OP_MENU_SET	= 7
=$7870					gm_peek_close	= $7870
=5					N_WRONGOWNER	= 5
=$1c47					N_FWRITE	= $1c47
=24					WM_ARROWED	= 24
=$8768					gm_art		= $8768
=$97c7					dc_listed	= $97c7
=$0200					WK_LFARROW	= $0200
=$9c47					gfx_read_row	= $9c47
=$625a					gm_anum32	= $625a
=$aec2					bk_service	= $aec2
=$abd6					vd_saved	= $abd6
=$1c71					N_UCOMMAND	= $1c71
=$86fa					gm_gapi		= $86fa
=$1c44					N_FREAD		= $1c44
=$8107					gm_decimal4	= $8107
=$80f9					gm_decimal2	= $80f9
=$b238					gm_end		= $b238
=$94ee					ae_ev_key	= $94ee
=1					AE_POINTER	= 1
=$8393					gm_gaps		= $8393
=$8425					gm_bad_chars_end= $8425
=8					GM_NOOVERASK	= 8
=$b12d					bk_close_source	= $b12d
=4					WS_SET		= 4
=9					GM_MOP_NEWFOLDER= 9
=$aec5					bk_saved_rcr	= $aec5
=21					WM_TOPPED	= 21
=$6861					gm_drive_format	= $6861
=4					WF_WORKXYWH	= 4
=$a990					vd_close	= $a990
=0					pm_control_count= 0
=4					AE_CAP_MENU	= 4
=$98c9					dc_dollar	= $98c9
=27					WM_SIZED	= 27
=$aec0					bk_error	= $aec0
=$aeb6					bk_current	= $aeb6
=$85bd					gm_restoring	= $85bd
=$6a1c					gm_resort_slot	= $6a1c
=$a62a					pm_positive	= $a62a
=$942a					ae_km_up	= $942a
=$3d96					N_FFORMAT	= $3d96
=$4000					AC_BASE		= $4000
=2					AE_OP_ALERT	= 2
=$768e					gm_ult_delete	= $768e
=$0100					WK_VSLIDE	= $0100
=$614c					gm_setup_done	= $614c
=$a630					pm_no_delta	= $a630
=$9fef					gfx_text_unknown= $9fef
=$9e7e					gfx_aligned_clear= $9e7e
=$8605					gm_magic	= $8605
=$6739					gm_print_screen	= $6739
=64					GM_RECORD_SIZE	= 64
=25					WM_HSLID	= 25
=$9a3f					gfx_clip_limit	= $9a3f
=$84ad					gm_drive_alert_hex= $84ad
=$10					N_BADIMAGE	= $10
=$6bc1					gm_fa		= $6bc1
=$6bc5					gm_fb		= $6bc5
=$3d40					N_APPNAME	= $3d40
=$9ff1					gfx_text_code	= $9ff1
=$a448					pm_install_return= $a448
=$0008					WK_MOVER	= $0008
=$a04a					gfx_text_load	= $a04a
=$b0e7					bk_short_image	= $b0e7
=$86d7					gm_file		= $86d7
=$9fd1					gfx_text_failed	= $9fd1
=$876e					gm_t8		= $876e
=$b179					bk_io_return	= $b179
=$1076					pk_restore_columns= $1076
=$9d00					gfx_write_row	= $9d00
=$9e97					gfx_aligned_copy= $9e97
=$63a5					gm_redraw_window= $63a5
=$1c50					N_DIRPAGE	= $1c50
=4					N_BADHANDLE	= 4
=10					MN_SELECTED	= 10
=$c000					AE_LIMIT	= $c000
=$3d1b					N_MSTATE	= $3d1b
=$a66a					BP_POINTER_Y	= $a66a
=$a668					BP_POINTER_X	= $a668
=$3f00					N_SOURCEPATH	= $3f00
=$9892					dc_byte		= $9892
=$1c56					N_WORKSPACE	= $1c56
=$1c2c					gfx_heap_fill	= $1c2c
=$6e2f					gm_delete_one	= $6e2f
=$819f					gm_icon_art	= $819f
=$7e5a					gm_select_all	= $7e5a
=$78c6					gm_suffix_no	= $78c6
=$a5b4					pm_top		= $a5b4
=$3d9a					N_DOCREQUEST	= $3d9a
=$73bf					gm_ult_open	= $73bf
=0					PM_KEYS_EXTERNAL= 0
=$a66f					pm_buttons	= $a66f
=$9ce6					gfx_store	= $9ce6
=10					GM_REC_WINDOWS	= 10
=3					WS_DELETE	= 3
=$3d1a					N_MERROR	= $3d1a
=$a664					BP_POINTER_STATE= $a664
=0					NK_SAVED_BUFFER	= 0
=64					AE_CAP_ACC	= 64
=$6402					gm_icons_done	= $6402
=$6f6c					gm_del_error	= $6f6c
=$94f0					ae_ev_tick	= $94f0
=$7349					gm_path_io	= $7349
=$74b9					gm_fn_found	= $74b9
=$98c5					dc_sa		= $98c5
=$65ad					gm_click_at	= $65ad
=$9968					gfx_rect	= $9968
=$97d2					dc_get		= $97d2
=$7f36					gm_band_row	= $7f36
=$3d03					N_PAGE		= $3d03
=$9f4b					gfx_band_allowed= $9f4b
=$66ca					gm_menu_choice	= $66ca
=1					UI_CARET	= 1
=$9e99					gfx_aligned_copy_next= $9e99
=$6237					gm_close_file	= $6237
=$6e81					gm_del_ask	= $6e81
=9					N_CORRUPT	= 9
=$8375					gm_s_files	= $8375
=$68c2					gm_scan		= $68c2
=$b0f6					bk_close	= $b0f6
=$aebd					bk_entry	= $aebd
=$a5b6					pm_set_y	= $a5b6
=$a581					pm_set_x	= $a581
=$9af3					gfx_store_clip_next= $9af3
=$a9e3					bp_return	= $a9e3
=$9a27					gfx_clip_next	= $9a27
=$a5b9					pm_hit_test	= $a5b9
=$838d					gm_s_ok		= $838d
=$9f33					gfx_span	= $9f33
=$6763					gm_open_icon	= $6763
=$10a9					pk_rejects	= $10a9
=$1c29					N_WRITE		= $1c29
=$62ee					gm_leave	= $62ee
=$a584					pm_vertical	= $a584
=$6ba3					gm_cmp_out	= $6ba3
=$85c2					gm_spos		= $85c2
=$1c29					gfx_heap_write	= $1c29
=$9f27					gfx_clipped	= $9f27
=$3d60					N_APPHEADER	= $3d60
=$aebb					bk_length	= $aebb
=16					MU_MESAG	= 16
=$16					GM_SELECTED	= $16
=$abb8					vm_pending	= $abb8
=$9d94					gfx_band_done	= $9d94
=$3d90					N_FSTATUS	= $3d90
=$79bc					gm_rows_done	= $79bc
=$94f2					ae_surface	= $94f2
=$9ee8					gfx_select	= $9ee8
=$c000					BK_LIMIT	= $c000
=$a055					gfx_text_buffer	= $a055
=$847f					gm_start_alert_hex= $847f
=$8399					gm_s_delete	= $8399
=$a9da					bp_close_failed	= $a9da
=$7058					gm_drag_track	= $7058
=$a097					gfx_text_high	= $a097
=$963e					dc_command	= $963e
=$1c35					N_RESERVE	= $1c35
=$86ba					gm_mloaded	= $86ba
=$9d7b					gfx_band_write	= $9d7b
=$8765					gm_cy		= $8765
=25					GM_BITS		= 25
=$7808					gm_peek		= $7808
=$9fb1					gfx_text	= $9fb1
=$9e8f					gfx_aligned_store= $9e8f
=$9d46					gfx_band_xor	= $9d46
=$81ca					gm_label_usb	= $81ca
=$6338					gm_alert_done	= $6338
=$877a					gm_ww		= $877a
=$9f30					gfx_y		= $9f30
=$96e6					dc_status_read	= $96e6
=$8779					gm_wy		= $8779
=$8778					gm_wx		= $8778
=$729a					gm_module_fail	= $729a
=$8d04					ae_state	= $8d04
=$b0dd					bk_bad_image	= $b0dd
=5					WF_CURRXYWH	= 5
=$b17e					bk_select_code	= $b17e
=$877b					gm_wh		= $877b
=$abbe					bp_started	= $abbe
=$6098					gm_fatal_text	= $6098
=$3d30					N_BROWSERPOS	= $3d30
=$933d					ae_wait_moved	= $933d
=$94fa					gm_path		= $94fa
=$6838					gm_open_fail	= $6838
=$0001					WK_NAME		= $0001
=2					GM_NOCOPYASK	= 2
=13					AE_OP_COUNT	= 13
=$804b					gm_free_slot	= $804b
=$14					N_CHECKSUM	= $14
=10					AE_OP_SESSION	= 10
=$7e06					gm_first_sel	= $7e06
=$3d04					N_HANDLE	= $3d04
=$6ce0					gm_info_icon	= $6ce0
=$9b18					gfx_clip_shift	= $9b18
=$93d5					ae_km_move	= $93d5
=$3d35					N_UIPTR		= $3d35
=$9ee1					gfx_glyph_second_visible= $9ee1
=$9e35					gfx_aligned_glyph= $9e35
=$78c8					gm_paint_window	= $78c8
=32					MU_TIMER	= 32
=$8700					AE_BASE		= $8700
=$7714					gm_iec_document	= $7714
=$abe5					vd_pointer_x	= $abe5
=$9357					ae_wait_time	= $9357
=$5000					gm_rows		= $5000
=$8847					gm_order	= $8847
=$3d81					N_FHANDLE	= $3d81
=$740a					gm_scan_ult	= $740a
=$7933					gm_paint_reset	= $7933
=$1068					pk_read_key	= $1068
=2					WF_NAME		= 2
=32					NSLOTS		= 32
=$994c					gfx_finish	= $994c
=$8769					gm_row		= $8769
=$0010					WK_INFO		= $0010
=$50					N_FIRST0	= $50
=$abf3					bp_backend_pending= $abf3
=$aec4					bk_carry	= $aec4
=$9cab					gfx_load	= $9cab
=$6fcd					gm_fail_head	= $6fcd
=$6db7					gm_astr		= $6db7
=$a5b0					pm_bottom	= $a5b0
=$6680					gm_key_move	= $6680
=$3d86					N_FNAMELEN	= $3d86
=11					WF_FIRSTXYWH	= 11
=$10ab					pk_columns	= $10ab
=$8a4b					aes		= $8a4b
=23					WM_FULLED	= 23
=$a4a6					pm_settling	= $a4a6
=$926b					ae_event_next	= $926b
=121					GM_PRT_LFN	= 121
=$6000					gm_image	= $6000
=$8763					gm_item		= $8763
=9					WS_OUTLINE	= 9
=$72cd					gm_ult_probe	= $72cd
=$9f4f					gfx_clip_pixels	= $9f4f
=160					pm_start	= 160
=$9de8					gfx_band_load	= $9de8
=$3d89					N_FCOUNT	= $3d89
=$c000					N_APPLIMIT	= $c000
=$6772					gm_open_drive	= $6772
=$6891					gm_df_scan	= $6891
=$9fb1					gfx_end		= $9fb1
=$10a7					pk_next		= $10a7
=$9de5					gfx_band_mask_ready= $9de5
=$1074					pk_accept	= $1074
=$b236					bk_crc_left	= $b236
=$abb9					bp_file		= $abb9
=$6c85					gm_aname_done	= $6c85
=$70f2					gm_release_done	= $70f2
=$b152					bk_read_chunk	= $b152
=$86f5					gm_view		= $86f5
=$a52f					pm_absent	= $a52f
=$9db5					gfx_band_masked	= $9db5
=$8143					gm_hex_error	= $8143
=$6fe6					gm_refresh_loop	= $6fe6
=0					GFX_FONT_COLUMNS= 0
=$785e					gm_peek_sheet	= $785e
=$3d02					N_BANK		= $3d02
=$9b2a					gfx_clip_defaults= $9b2a
=$76d2					gm_ult_del_error= $76d2
=2					N_U_DRIVES	= 2
=$4000					N_SERVICEBASE	= $4000
=$7c18					gm_repaint_all	= $7c18
=$3d21					N_DEVICE	= $3d21
=$86df					gm_dev		= $86df
=$676e					gm_open_none	= $676e
=$9f57					gfx_clip_cells	= $9f57
=$793b					gm_draw_rows	= $793b
=$661d					gm_click_done	= $661d
=1					GM_MOP_INFO	= 1
=$a473					pm_poll		= $a473
=$a096					gfx_text_index	= $a096
=$76c0					gm_ult_del_unknown= $76c0
=$b22e					bk_count	= $b22e
=$8764					gm_cx		= $8764
=$793a					gm_paint_done	= $793a
=$98ee					sd_click	= $98ee
=$1c6e					N_UQUERY	= $1c6e
=$923f					ae_alert_step	= $923f
=$3d17					N_MTOKEN	= $3d17
=$9cdb					gfx_copy	= $9cdb
=$aaca					bp_load		= $aaca
=$b238					gm_module	= $b238
=$1c4d					N_FRELEASE	= $1c4d
=$9cc7					gfx_clear	= $9cc7
=$3c00					NHANDLES	= $3c00
=$aec1					bk_operation	= $aec1
=$a9a6					bp_dispose	= $a9a6
=$b1da					bk_crc_get	= $b1da
=$9957					gfx_success	= $9957
=$693f					gm_scan_record	= $693f
=$abcb					bp_state	= $abcb
=$abce					vd_fault	= $abce
=$9f3f					gfx_bits	= $9f3f
=28					WM_MOVED	= 28
=3					GM_MOP_FORMAT	= 3
=$809b					gm_mul		= $809b
=$7e2a					gm_each		= $7e2a
=$95fe					gm_rec_addr	= $95fe
=$abf1					ru_active	= $abf1
=$9aec					gfx_empty	= $9aec
=$3d39					N_UIFLAGS	= $3d39
=$997a					gfx_glyph	= $997a
=$8615					gm_inf_scratch	= $8615
=$853f					gm_nlen		= $853f
=$94c7					ae_dirty	= $94c7
=$9372					ae_wait_done	= $9372
=$6403					gm_draw_icons	= $6403
=$86fd					gm_pos		= $86fd
=$609b					gm_surface_setup= $609b
=$87a4					gm_win_bits	= $87a4
=$3d00					N_OWNER		= $3d00
=21					GM_RECORD	= 21
=$ae8d					bk_services	= $ae8d
=$8185					gm_types	= $8185
=$3d11					N_BUSY		= $3d11
=$7940					gm_row_loop	= $7940
=$62a7					gm_dirty_from	= $62a7
=$86ff					gm_cmpb		= $86ff
=$6f94					gm_status_text	= $6f94
=$94a5					ae_session_write= $94a5
=$3d2c					N_APPFORMAT	= $3d2c
=$9f23					gfx_limits	= $9f23
=$913c					ae_detach	= $913c
=1					AE_CAP_ALERT	= 1
=$9e00					gfx_band_clear	= $9e00
=24					GM_CHUNK	= 24
=$1300					N_LOWBASE	= $1300
=$817e					gm_drive_title	= $817e
=$61					GM_PAPER	= $61
=$abe4					vd_pointer_visible= $abe4
=0					PM_SECONDARY	= 0
=$8780					gm_clip		= $8780
=5					GM_ICONS	= 5
=$04					N_FIRST1	= $04
=$aeba					bk_pages	= $aeba
=3					WF_INFO		= 3
=$996e					gfx_colors	= $996e
=$6b9e					gm_cmp_ordinal	= $6b9e
=9					AE_OP_SHUTDOWN	= 9
=$736e					gm_pr		= $736e
=$76d5					gm_ucmd		= $76d5
=$7beb					gm_scroll_to_selection= $7beb
=$1c32					N_RELEASE	= $1c32
=$6f91					gm_del_status	= $6f91
=$8774					gm_mul_b	= $8774
=$8773					gm_mul_a	= $8773
=$70ea					gm_drop		= $70ea
=$7da7					gm_select_set	= $7da7
=$6233					gm_open_bad	= $6233
=$6dd5					gm_anum		= $6dd5
=$aa14					bp_ok		= $aa14
=$8062					gm_select_mem	= $8062
=$988e					dc_code		= $988e
=$786d					gm_peek_kind	= $786d
=$7c36					gm_update_slider= $7c36
=$9f3a					gfx_mask	= $9f3a
=$7216					gm_file_select	= $7216
=$3d8d					N_FEOF		= $3d8d
=$6ba7					gm_cmp_raw	= $6ba7
=$9974					gfx_set_clip	= $9974
=$3d88					N_FTYPE		= $3d88
=$4f00					N_USTATUS	= $4f00
=$6596					gm_pointer_cell	= $6596
=$3d87					N_FMODE		= $3d87
=4					AE_OP_EVENT	= 4
=$3d26					N_IOSTATUS	= $3d26
=$8766					gm_i		= $8766
=$86f7					gm_k		= $86f7
=$8767					gm_j		= $8767
=$9863					dc_field_done	= $9863
=$86fe					gm_other	= $86fe
=$86e2					gm_q		= $86e2
=$86fb					gm_i2		= $86fb
=$9d9a					gfx_band_select	= $9d9a
=$6c71					gm_aname	= $6c71
=$7279					gm_module_call	= $7279
=$967b					dc_begin	= $967b
=$9204					ae_register	= $9204
=$6adc					gm_sort		= $6adc
=$8a4b					ae_call		= $8a4b
=8					MU_M2		= 8
=$9af1					gfx_store_clip	= $9af1
=$3d8e					N_FERROR	= $3d8e
=$85ad					gm_s_free	= $85ad
=$7b67					gm_arrowed	= $7b67
=$81bc					gm_label_9	= $81bc
=10					WS_TEXT		= 10
=$71e7					gm_session_save	= $71e7
=$a797					nk_active	= $a797
=$7626					gm_title_usb	= $7626
=$9894					dc_status	= $9894
=$9f1a					gfx_pen		= $9f1a
=7					N_REENTRANT	= 7
=$72e9					gm_prt_probe	= $72e9
=$765d					gm_title_end	= $765d
=$81ad					gm_icon_label_lo= $81ad
=$755b					gm_ult_enter	= $755b
=$66a5					gm_key_set	= $66a5
=$6d68					gm_info_sum	= $6d68
=$a66d					pm_pots		= $a66d
=$860a					gm_inf_name	= $860a
=$ab9f					vm_rows		= $ab9f
=$3d3d					N_UARG		= $3d3d
=$a9e4					vm_present	= $a9e4
=3					UI_BUFFER	= 3
=$7623					gm_title_set	= $7623
=$0002					WK_CLOSER	= $0002
=$9a51					gfx_clip_copy	= $9a51
=$6b41					gm_compare	= $6b41
=$930a					ae_event_fired	= $930a
=$9f36					gfx_columns	= $9f36
=5					GM_MOP_USBINFO	= 5
=$9f1c					gfx_error	= $9f1c
=$6aa3					gm_chunk_next	= $6aa3
=$5000					N_SERVICELIMIT	= $5000
=$7874					gm_text_suffix	= $7874
=$880c					gm_bitmask	= $880c
=$7fd6					gm_launch_fail	= $7fd6
=4					GM_MOP_CONTROL	= 4
=$9e6c					gfx_aligned_ink	= $9e6c
=$a390					pm_install	= $a390
=8					GM_MOP_SAVEDESK	= 8
=$7c90					gm_wset_simple	= $7c90
=$85c5					gm_session	= $85c5
=$8847					gm_dirpage	= $8847
=$836a					gm_s_blocks	= $836a
=$86aa					gm_lock_name	= $86aa
=$9824					dc_field_track	= $9824
=$94cb					ae_ev_params	= $94cb
=1					FO_PRESENT	= 1
=1					BP_TRACK_DIRTY	= 1
=$abf4					bk_call		= $abf4
=$6c73					gm_info_name	= $6c73
=$9ec6					gfx_glyph_shift	= $9ec6
=$83ee					gm_badname_alert= $83ee
=$6eb4					gm_del_go	= $6eb4
=26					WM_VSLID	= 26
=7					UI_FILTER	= 7
=$a9f3					vd_select	= $a9f3
=$86a6					gm_alert_default= $86a6
=$749e					gm_fn_next	= $749e
=32					BK_OWNER	= 32
=$81b7					gm_label_boot	= $81b7
=$7767					gm_usb_document	= $7767
=$9a03					gfx_pixel_limits= $9a03
=$a97d					bp_open_failed	= $a97d
=$6dec					gm_read_record	= $6dec
=$5000					gm_sortbuf	= $5000
=$a021					gfx_text_done	= $a021
=$a67b					pm_init_saved	= $a67b
=16					WF_VSLSIZE	= 16
=$accf					bk_service_bad	= $accf
=$84f9					gm_usht		= $84f9
=$aa18					bp_fault	= $aa18
=$7478					gm_ult_scan_done= $7478
=0					BP_SHARED_MEMORY= 0
=$a62b					pm_delta_done	= $a62b
=$946b					ae_menu_read	= $946b
=$b0d3					bk_load_success	= $b0d3
=$9890					dc_track	= $9890
=$6339					gm_alert_rows	= $6339
=$1c62					N_MCALL		= $1c62
=$81a4					gm_icon_on	= $81a4
=$698b					gm_scan_skip	= $698b
=$81ce					gm_label_printer= $81ce
=$9d1c					gfx_band	= $9d1c
=1					MU_KEYBD	= 1
=$83e4					gm_s_bar	= $83e4
=$a67a					pm_high		= $a67a
=$3d2f					N_DESKTOPSEL	= $3d2f
=16					AE_CAP_SESSION	= 16
=$9a1d					gfx_limits_y	= $9a1d
=$b0e2					bk_long_image	= $b0e2
=$a540					pm_move		= $a540
=16					GM_PAGES	= 16
=16					AC_PAGES	= 16
=$86f3					gm_page		= $86f3
=$990c					gfx_bind	= $990c
=$9fe1					gfx_text_next	= $9fe1
=$8788					gm_win_handle	= $8788
=$6c0b					gm_view_checks	= $6c0b
=$7aa0					gm_read_none	= $7aa0
=$6fe1					gm_refresh_drive= $6fe1
=$3d8f					N_FDOS		= $3d8f
=$8456					gm_start_alert	= $8456
=$6cdd					gm_info_fail	= $6cdd
=$a979					bp_open_bad	= $a979
=$8784					gm_rect		= $8784
=$3d34					N_BROWSERNAME_LEN= $3d34
=$b230					bk_offset	= $b230
=$8771					gm_num		= $8771
=7					WF_FULLXYWH	= 7
=$98c7					dc_free		= $98c7
=$0400					WK_RTARROW	= $0400
=$614d					pm_select_surface= $614d
=$9f4e					gfx_band_first	= $9f4e
=$79bd					gm_rows_fail	= $79bd
=$9fcf					gfx_text_badarg	= $9fcf
=$9b2c					gfx_clip_reset_next= $9b2c
=0					NK_LOCAL_HELP	= 0
=$6bc9					gm_name_key	= $6bc9

;******  Return to file: src/native/gemdesk-set.asm

.b238					gm_set:
>b238	4e 4d 4f 44			        .text "nmod"
>b23c	01 01 0e 00			        .byte 1,1,14,0
>b240	b3 0d				        .word gm_set_end-gm_set
>b242	00 00				        .word 0
>b244	14 00				        .word set.entry-gm_set
>b246	00 00				        .word 0
.b248					set
.b248					gm_dialog_done:
.b248	60		rts		        rts
.b249					gm_dialog_fail:
.b249	4c ff 6b	jmp $6bff	        jmp gm_view_fail
.b24c					entry:
.b24c	a2 03		ldx #$03	        ldx #3                  ; forms draw on the desktop's surface
.b24e	bd d3 86	lda $86d3,x	-       lda gm_surface,x
.b251	9d a9 bf	sta $bfa9,x	        sta fo_surface,x
.b254	ca		dex		        dex
.b255	10 f7		bpl $b24e	        bpl -
.b257	ad 44 86	lda $8644	        lda gm_mop
.b25a	c9 02		cmp #$02	        cmp #GM_MOP_PREFS
.b25c	d0 03		bne $b261	        bne +
.b25e	4c 64 b2	jmp $b264	        jmp gm_prefs
.b261	4c 72 b4	jmp $b472	+       jmp gm_control
.b264					gm_prefs:
.b264	ad e4 84	lda $84e4	        lda gm_confirm
.b267	29 01		and #$01	        and #FOS_SELECTED       ; (bit 0: deletes)
.b269	8d 77 b3	sta $b377	        sta gm_pref_form+5+1*8+2
.b26c	ad e4 84	lda $84e4	        lda gm_confirm          ; copies: ticked while the bit is clear
.b26f	29 02		and #$02	        and #GM_NOCOPYASK
.b271	49 02		eor #$02	        eor #GM_NOCOPYASK
.b273	4a		lsr a		        lsr
.b274	8d 7f b3	sta $b37f	        sta gm_pref_form+5+2*8+2
.b277	ad e4 84	lda $84e4	        lda gm_confirm          ; overwrites: ticked while the bit is clear
.b27a	29 08		and #$08	        and #GM_NOOVERASK
.b27c	49 08		eor #$08	        eor #GM_NOOVERASK
.b27e	4a		lsr a		        lsr
.b27f	4a		lsr a		        lsr
.b280	4a		lsr a		        lsr
.b281	8d 87 b3	sta $b387	        sta gm_pref_form+5+3*8+2
.b284	a2 00		ldx #$00	        ldx #0
.b286	a0 00		ldy #$00	        ldy #0
.b288	a9 00		lda #$00	-       lda #0
.b28a	cc f5 86	cpy $86f5	        cpy gm_view
.b28d	d0 02		bne $b291	        bne +
.b28f	a9 01		lda #$01	        lda #FOS_SELECTED
.b291	9d 97 b3	sta $b397,x	+       sta gm_pref_form+5+5*8+2,x ; objects 5..8, 8 bytes apart
.b294	8a		txa		        txa
.b295	18		clc		        clc
.b296	69 08		adc #$08	        adc #8
.b298	aa		tax		        tax
.b299	c8		iny		        iny
.b29a	c0 04		cpy #$04	        cpy #4
.b29c	d0 ea		bne $b288	        bne -
.b29e	a2 00		ldx #$00	        ldx #0                  ; desktop colour radios: objects 10..12
.b2a0	a0 00		ldy #$00	        ldy #0
.b2a2	a9 00		lda #$00	-       lda #0
.b2a4	48		pha		        pha
.b2a5	b9 fe b3	lda $b3fe,y	        lda gm_desk_colors,y
.b2a8	cd bc 85	cmp $85bc	        cmp gm_desk_color
.b2ab	d0 04		bne $b2b1	        bne +
.b2ad	68		pla		        pla
.b2ae	a9 01		lda #$01	        lda #FOS_SELECTED
.b2b0	48		pha		        pha
.b2b1	68		pla		+       pla
.b2b2	9d bf b3	sta $b3bf,x	        sta gm_pref_form+5+10*8+2,x
.b2b5	8a		txa		        txa
.b2b6	18		clc		        clc
.b2b7	69 08		adc #$08	        adc #8
.b2b9	aa		tax		        tax
.b2ba	c8		iny		        iny
.b2bb	c0 03		cpy #$03	        cpy #3
.b2bd	d0 e3		bne $b2a2	        bne -
.b2bf	a9 68		lda #$68	        lda #<gm_pref_form
.b2c1	a2 b3		ldx #$b3	        ldx #>gm_pref_form
.b2c3	20 34 b3	jsr $b334	        jsr gm_form
.b2c6	b0 81		bcs $b249	        bcs gm_dialog_fail
.b2c8	c9 0d		cmp #$0d	        cmp #13                 ; OK
.b2ca	f0 03		beq $b2cf	        bne gm_dialog_done
.b2cc	4c 48 b2	jmp $b248
.b2cf	a2 00		ldx #$00	        ldx #0                  ; the chosen colour
.b2d1	a0 00		ldy #$00	        ldy #0
.b2d3	bd bf b3	lda $b3bf,x	-       lda gm_pref_form+5+10*8+2,x
.b2d6	29 01		and #$01	        and #FOS_SELECTED
.b2d8	d0 0c		bne $b2e6	        bne +
.b2da	8a		txa		        txa
.b2db	18		clc		        clc
.b2dc	69 08		adc #$08	        adc #8
.b2de	aa		tax		        tax
.b2df	c8		iny		        iny
.b2e0	c0 03		cpy #$03	        cpy #3
.b2e2	d0 ef		bne $b2d3	        bne -
.b2e4	f0 0e		beq $b2f4	        beq gm_prefs_view
.b2e6	b9 fe b3	lda $b3fe,y	+       lda gm_desk_colors,y
.b2e9	cd bc 85	cmp $85bc	        cmp gm_desk_color
.b2ec	f0 06		beq $b2f4	        beq gm_prefs_view
.b2ee	8d bc 85	sta $85bc	        sta gm_desk_color
.b2f1	20 fe 71	jsr $71fe	        jsr gm_restore_color    ; the AES repaints; WM_REDRAW brings the icons
.b2f4					gm_prefs_view:
.b2f4	ad e4 84	lda $84e4	        lda gm_confirm          ; keep the bits this dialog does not show
.b2f7	29 14		and #$14	        and #GM_KEYCLICK|GM_BELL
.b2f9	8d e4 84	sta $84e4	        sta gm_confirm
.b2fc	ad 87 b3	lda $b387	        lda gm_pref_form+5+3*8+2 ; overwrites unticked: bit 3
.b2ff	0a		asl a		        asl
.b300	0a		asl a		        asl
.b301	0d 7f b3	ora $b37f	        ora gm_pref_form+5+2*8+2 ; copies unticked: bit 1
.b304	29 05		and #$05	        and #FOS_SELECTED*5
.b306	49 05		eor #$05	        eor #FOS_SELECTED*5
.b308	0a		asl a		        asl
.b309	0d e4 84	ora $84e4	        ora gm_confirm
.b30c	8d e4 84	sta $84e4	        sta gm_confirm
.b30f	ad 77 b3	lda $b377	        lda gm_pref_form+5+1*8+2
.b312	29 01		and #$01	        and #FOS_SELECTED
.b314	0d e4 84	ora $84e4	        ora gm_confirm
.b317	8d e4 84	sta $84e4	        sta gm_confirm
.b31a	a2 00		ldx #$00	        ldx #0
.b31c	a0 00		ldy #$00	        ldy #0
.b31e	bd 97 b3	lda $b397,x	-       lda gm_pref_form+5+5*8+2,x
.b321	29 01		and #$01	        and #FOS_SELECTED
.b323	d0 0b		bne $b330	        bne +
.b325	8a		txa		        txa
.b326	18		clc		        clc
.b327	69 08		adc #$08	        adc #8
.b329	aa		tax		        tax
.b32a	c8		iny		        iny
.b32b	c0 04		cpy #$04	        cpy #4
.b32d	d0 ef		bne $b31e	        bne -
.b32f	60		rts		        rts
.b330	98		tya		+       tya
.b331	4c d6 6b	jmp $6bd6	        jmp gm_set_view
.b334					gm_form:
.b334	8d 66 b3	sta $b366	        sta gm_form_ptr
.b337	8e 67 b3	stx $b367	        stx gm_form_ptr+1
.b33a	20 5f 61	jsr $615f	        jsr gm_bind
.b33d	b0 1e		bcs $b35d	        bcs gm_form_done
.b33f	20 2a 9b	jsr $9b2a	        jsr gfx_clip_defaults
.b342	ad 66 b3	lda $b366	        lda gm_form_ptr
.b345	ae 67 b3	ldx $b367	        ldx gm_form_ptr+1
.b348	20 97 b6	jsr $b697	        jsr fo_open
.b34b	b0 10		bcs $b35d	        bcs gm_form_done
.b34d	20 83 b7	jsr $b783	        jsr fo_do
.b350	b0 0c		bcs $b35e	        bcs gm_form_close_error
.b352	8d 65 b3	sta $b365	        sta gm_form_exit
.b355	20 50 b7	jsr $b750	        jsr fo_close
.b358	b0 03		bcs $b35d	        bcs gm_form_done
.b35a	ad 65 b3	lda $b365	        lda gm_form_exit
.b35d					gm_form_done:
.b35d	60		rts		        rts
.b35e					gm_form_close_error:
.b35e	48		pha		        pha
.b35f	20 50 b7	jsr $b750	        jsr fo_close
.b362	68		pla		        pla
.b363	38		sec		        sec
.b364	60		rts		        rts
>b365	00				gm_form_exit: .byte 0
>b366	00 00				gm_form_ptr: .word 0
>b368	ff 00 1e 0e 0f			gm_pref_form: .byte $ff,0,30,14,15
>b36d	01 00 00 02 01 14		        .byte FOT_TEXT,0,0,2,1,20
>b373	0b b4				        .word gm_t_prefs
>b375	03 00 00 02 02 12		        .byte FOT_CHECK,0,0,2,2,18
>b37b	17 b4				        .word gm_t_confirm
>b37d	03 00 00 02 03 12		        .byte FOT_CHECK,0,0,2,3,18
>b383	27 b4				        .word gm_t_copies
>b385	03 00 00 02 04 14		        .byte FOT_CHECK,0,0,2,4,20
>b38b	36 b4				        .word gm_t_overwrites
>b38d	01 00 00 02 05 12		        .byte FOT_TEXT,0,0,2,5,18
>b393	49 b4				        .word gm_t_sortby
>b395	04 10 00 04 06 08		        .byte FOT_RADIO,$10,0,4,6,8
>b39b	5a b4				        .word gm_t_sname
>b39d	04 10 00 0e 06 08		        .byte FOT_RADIO,$10,0,14,6,8
>b3a3	5f b4				        .word gm_t_stype
>b3a5	04 10 00 04 07 08		        .byte FOT_RADIO,$10,0,4,7,8
>b3ab	64 b4				        .word gm_t_ssize
>b3ad	04 10 00 0e 07 0c		        .byte FOT_RADIO,$10,0,14,7,12
>b3b3	69 b4				        .word gm_t_sunsorted
>b3b5	01 00 00 02 08 09		        .byte FOT_TEXT,0,0,2,8,9
>b3bb	e5 b3				        .word gm_t_desktop
>b3bd	04 20 00 04 09 07		        .byte FOT_RADIO,$20,0,4,9,7
>b3c3	ee b3				        .word gm_t_blue
>b3c5	04 20 00 0c 09 07		        .byte FOT_RADIO,$20,0,12,9,7
>b3cb	f3 b3				        .word gm_t_grey
>b3cd	04 20 00 14 09 08		        .byte FOT_RADIO,$20,0,20,9,8
>b3d3	f8 b3				        .word gm_t_black
>b3d5	02 03 00 08 0b 08		        .byte FOT_BUTTON,FOF_DEFAULT|FOF_EXIT,0,8,11,8
>b3db	01 b4				        .word gm_t_ok
>b3dd	02 06 00 12 0b 08		        .byte FOT_BUTTON,FOF_CANCEL|FOF_EXIT,0,18,11,8
>b3e3	04 b4				        .word gm_t_cancel
>b3e5	44 65 73 6b 74 6f 70 3a		gm_t_desktop: .byte 68,101,115,107,116,111,112,58,0   ; Desktop:
>b3ed	00
>b3ee	42 6c 75 65 00			gm_t_blue: .byte 66,108,117,101,0                    ; Blue
>b3f3	47 72 65 79 00			gm_t_grey: .byte 71,114,101,121,0                    ; Grey
>b3f8	42 6c 61 63 6b 00		gm_t_black: .byte 66,108,97,99,107,0                 ; Black
>b3fe	16 1c 10			gm_desk_colors: .byte $16,$1c,$10                    ; white icons on blue, grey, black
>b401	4f 4b 00			gm_t_ok: .byte 79,75,0   ; OK
>b404	43 61 6e 63 65 6c 00		gm_t_cancel: .byte 67,97,110,99,101,108,0   ; Cancel
>b40b	50 72 65 66 65 72 65 6e		gm_t_prefs: .byte 80,114,101,102,101,114,101,110,99,101,115,0   ; Preferences
>b413	63 65 73 00
>b417	43 6f 6e 66 69 72 6d 20		gm_t_confirm: .byte 67,111,110,102,105,114,109,32,100,101,108,101,116,101,115,0   ; Confirm deletes
>b41f	64 65 6c 65 74 65 73 00
>b427	43 6f 6e 66 69 72 6d 20		gm_t_copies: .byte 67,111,110,102,105,114,109,32,99,111,112,105,101,115,0   ; Confirm copies
>b42f	63 6f 70 69 65 73 00
>b436	43 6f 6e 66 69 72 6d 20		gm_t_overwrites: .byte 67,111,110,102,105,114,109,32,111,118,101,114,119,114,105,116,101,115,0   ; Confirm overwrites
>b43e	6f 76 65 72 77 72 69 74 65 73 00
>b449	53 6f 72 74 20 77 69 6e		gm_t_sortby: .byte 83,111,114,116,32,119,105,110,100,111,119,115,32,98,121,58,0   ; Sort windows by:
>b451	64 6f 77 73 20 62 79 3a 00
>b45a	4e 61 6d 65 00			gm_t_sname: .byte 78,97,109,101,0   ; Name
>b45f	54 79 70 65 00			gm_t_stype: .byte 84,121,112,101,0   ; Type
>b464	53 69 7a 65 00			gm_t_ssize: .byte 83,105,122,101,0   ; Size
>b469	55 6e 73 6f 72 74 65 64		gm_t_sunsorted: .byte 85,110,115,111,114,116,101,100,0   ; Unsorted
>b471	00
.b472					gm_control:
.b472	a2 02		ldx #$02	        ldx #2                  ; key repeat radios: objects 2..4
.b474	a9 00		lda #$00	-       lda #0
.b476	bc 77 b5	ldy $b577,x	        ldy gm_rpt_values,x
.b479	cc 22 0a	cpy $0a22	        cpy $0a22
.b47c	d0 02		bne $b480	        bne +
.b47e	a9 01		lda #$01	        lda #FOS_SELECTED
.b480	9d 82 b5	sta $b582,x	+       sta gm_ctrl_rpt_state,x
.b483	ca		dex		        dex
.b484	10 ee		bpl $b474	        bpl -
.b486	ad 22 0a	lda $0a22	        lda $0a22               ; another value: shown as cursor keys only
.b489	a2 02		ldx #$02	        ldx #2
.b48b	dd 77 b5	cmp $b577,x	-       cmp gm_rpt_values,x
.b48e	f0 08		beq $b498	        beq +
.b490	ca		dex		        dex
.b491	10 f8		bpl $b48b	        bpl -
.b493	a9 01		lda #$01	        lda #FOS_SELECTED
.b495	8d 83 b5	sta $b583	        sta gm_ctrl_rpt_state+1
.b498	a2 04		ldx #$04	+       ldx #4                  ; speed radios: objects 6..10
.b49a	a9 00		lda #$00	-       lda #0
.b49c	ec 09 86	cpx $8609	        cpx gm_dclick
.b49f	d0 02		bne $b4a3	        bne +
.b4a1	a9 01		lda #$01	        lda #FOS_SELECTED
.b4a3	9d 85 b5	sta $b585,x	+       sta gm_ctrl_speed_state,x
.b4a6	ca		dex		        dex
.b4a7	10 f1		bpl $b49a	        bpl -
.b4a9	a2 00		ldx #$00	        ldx #0                  ; copy the states into the form's objects
.b4ab	bd 82 b5	lda $b582,x	-       lda gm_ctrl_rpt_state,x
.b4ae	bc 7a b5	ldy $b57a,x	        ldy gm_ctrl_rpt_offset,x
.b4b1	99 8a b5	sta $b58a,y	        sta gm_ctrl_form,y
.b4b4	e8		inx		        inx
.b4b5	e0 03		cpx #$03	        cpx #3
.b4b7	d0 f2		bne $b4ab	        bne -
.b4b9	a2 00		ldx #$00	        ldx #0
.b4bb	bd 85 b5	lda $b585,x	-       lda gm_ctrl_speed_state,x
.b4be	bc 7d b5	ldy $b57d,x	        ldy gm_ctrl_speed_offset,x
.b4c1	99 8a b5	sta $b58a,y	        sta gm_ctrl_form,y
.b4c4	e8		inx		        inx
.b4c5	e0 05		cpx #$05	        cpx #5
.b4c7	d0 f2		bne $b4bb	        bne -
.b4c9	ad e4 84	lda $84e4	        lda gm_confirm          ; Key click: object 11
.b4cc	4a		lsr a		        lsr
.b4cd	4a		lsr a		        lsr
.b4ce	29 01		and #$01	        and #FOS_SELECTED
.b4d0	8d e9 b5	sta $b5e9	        sta gm_ctrl_form+5+11*8+2
.b4d3	ad e4 84	lda $84e4	        lda gm_confirm          ; Bell: object 12
.b4d6	4a		lsr a		        lsr
.b4d7	4a		lsr a		        lsr
.b4d8	4a		lsr a		        lsr
.b4d9	4a		lsr a		        lsr
.b4da	29 01		and #$01	        and #FOS_SELECTED
.b4dc	8d f1 b5	sta $b5f1	        sta gm_ctrl_form+5+12*8+2
.b4df	a9 01		lda #$01	        lda #FOS_SELECTED       ; the printer: objects 14, 15 and 16
.b4e1	a2 00		ldx #$00	        ldx #0
.b4e3	ac a7 86	ldy $86a7	        ldy gm_prt_dev
.b4e6	c0 05		cpy #$05	        cpy #5
.b4e8	d0 03		bne $b4ed	        bne +
.b4ea	aa		tax		        tax
.b4eb	a9 00		lda #$00	        lda #0
.b4ed	8d 01 b6	sta $b601	+       sta gm_ctrl_form+5+14*8+2
.b4f0	8e 09 b6	stx $b609	        stx gm_ctrl_form+5+15*8+2
.b4f3	ad a8 86	lda $86a8	        lda gm_prt_sa
.b4f6	29 01		and #$01	        and #FOS_SELECTED       ; (7 has bit 0; 0 has not)
.b4f8	8d 11 b6	sta $b611	        sta gm_ctrl_form+5+16*8+2
.b4fb	a9 8a		lda #$8a	        lda #<gm_ctrl_form
.b4fd	a2 b5		ldx #$b5	        ldx #>gm_ctrl_form
.b4ff	20 34 b3	jsr $b334	        jsr gm_form
.b502	90 03		bcc $b507	        bcc +
.b504	4c ff 6b	jmp $6bff	        jmp gm_view_fail
.b507	c9 11		cmp #$11	+       cmp #17                 ; OK
.b509	d0 6b		bne $b576	        bne gm_control_done
.b50b	ad 11 b6	lda $b611	        lda gm_ctrl_form+5+16*8+2 ; Lowercase: secondary address 7, else 0
.b50e	29 01		and #$01	        and #FOS_SELECTED
.b510	f0 02		beq $b514	        beq +
.b512	a9 07		lda #$07	        lda #7
.b514	8d a8 86	sta $86a8	+       sta gm_prt_sa
.b517	a2 04		ldx #$04	        ldx #4
.b519	ad 01 b6	lda $b601	        lda gm_ctrl_form+5+14*8+2
.b51c	29 01		and #$01	        and #FOS_SELECTED
.b51e	d0 01		bne $b521	        bne +
.b520	e8		inx		        inx
.b521	ec a7 86	cpx $86a7	+       cpx gm_prt_dev
.b524	f0 09		beq $b52f	        beq +
.b526	8e a7 86	stx $86a7	        stx gm_prt_dev          ; another printer: its icon again, then
.b529	20 e9 72	jsr $72e9	        jsr gm_prt_probe        ; the desktop repainted with it
.b52c	20 fe 71	jsr $71fe	        jsr gm_restore_color
.b52f					+
.b52f	ad e4 84	lda $84e4	        lda gm_confirm
.b532	29 eb		and #$eb	        and #$ff^(GM_KEYCLICK|GM_BELL)
.b534	8d e4 84	sta $84e4	        sta gm_confirm
.b537	ad f1 b5	lda $b5f1	        lda gm_ctrl_form+5+12*8+2 ; Bell: bit 4; Key click: bit 2
.b53a	0a		asl a		        asl
.b53b	0a		asl a		        asl
.b53c	0d e9 b5	ora $b5e9	        ora gm_ctrl_form+5+11*8+2
.b53f	29 05		and #$05	        and #FOS_SELECTED*5
.b541	0a		asl a		        asl
.b542	0a		asl a		        asl
.b543	0d e4 84	ora $84e4	        ora gm_confirm
.b546	8d e4 84	sta $84e4	        sta gm_confirm
.b549	a2 02		ldx #$02	        ldx #2
.b54b	bc 7a b5	ldy $b57a,x	-       ldy gm_ctrl_rpt_offset,x
.b54e	b9 8a b5	lda $b58a,y	        lda gm_ctrl_form,y
.b551	29 01		and #$01	        and #FOS_SELECTED
.b553	f0 06		beq $b55b	        beq +
.b555	bd 77 b5	lda $b577,x	        lda gm_rpt_values,x
.b558	8d 22 0a	sta $0a22	        sta $0a22
.b55b	ca		dex		+       dex
.b55c	10 ed		bpl $b54b	        bpl -
.b55e	a2 04		ldx #$04	        ldx #4
.b560	bc 7d b5	ldy $b57d,x	-       ldy gm_ctrl_speed_offset,x
.b563	b9 8a b5	lda $b58a,y	        lda gm_ctrl_form,y
.b566	29 01		and #$01	        and #FOS_SELECTED
.b568	f0 03		beq $b56d	        beq +
.b56a	8e 09 86	stx $8609	        stx gm_dclick
.b56d	ca		dex		+       dex
.b56e	10 f0		bpl $b560	        bpl -
.b570	ad 09 86	lda $8609	        lda gm_dclick
.b573	4c af 94	jmp $94af	        jmp ae_dclick
.b576					gm_control_done:
.b576	60		rts		        rts
>b577	80 00 40			gm_rpt_values: .byte $80,$00,$40                     ; all keys, cursor keys only, none
>b57a	17 1f 27			gm_ctrl_rpt_offset: .byte 5+2*8+2,5+3*8+2,5+4*8+2   ; state bytes of objects 2..4
>b57d	37 3f 47 4f 57			gm_ctrl_speed_offset: .byte 5+6*8+2,5+7*8+2,5+8*8+2,5+9*8+2,5+10*8+2
>b582	00 00 00			gm_ctrl_rpt_state: .fill 3,0
>b585	00 00 00 00 00			gm_ctrl_speed_state: .fill 5,0
>b58a	ff 00 1e 0d 13			gm_ctrl_form: .byte $ff,0,30,13,19
>b58f	01 00 00 02 01 14		        .byte FOT_TEXT,0,0,2,1,20
>b595	3f b6				        .word gm_t_control
>b597	01 00 00 02 03 0c		        .byte FOT_TEXT,0,0,2,3,12
>b59d	4d b6				        .word gm_t_repeat
>b59f	04 10 00 04 04 06		        .byte FOT_RADIO,$10,0,4,4,6
>b5a5	59 b6				        .word gm_t_all
>b5a7	04 10 00 0b 04 09		        .byte FOT_RADIO,$10,0,11,4,9
>b5ad	5d b6				        .word gm_t_cursor
>b5af	04 10 00 15 04 07		        .byte FOT_RADIO,$10,0,21,4,7
>b5b5	64 b6				        .word gm_t_none
>b5b7	01 00 00 02 05 1a		        .byte FOT_TEXT,0,0,2,5,26
>b5bd	69 b6				        .word gm_t_dclick
>b5bf	04 20 00 04 06 04		        .byte FOT_RADIO,$20,0,4,6,4
>b5c5	83 b6				        .word gm_t_1
>b5c7	04 20 00 09 06 04		        .byte FOT_RADIO,$20,0,9,6,4
>b5cd	85 b6				        .word gm_t_2
>b5cf	04 20 00 0e 06 04		        .byte FOT_RADIO,$20,0,14,6,4
>b5d5	87 b6				        .word gm_t_3
>b5d7	04 20 00 13 06 04		        .byte FOT_RADIO,$20,0,19,6,4
>b5dd	89 b6				        .word gm_t_4
>b5df	04 20 00 18 06 04		        .byte FOT_RADIO,$20,0,24,6,4
>b5e5	8b b6				        .word gm_t_5
>b5e7	03 00 00 02 07 0c		        .byte FOT_CHECK,0,0,2,7,12
>b5ed	8d b6				        .word gm_t_click
>b5ef	03 00 00 10 07 0a		        .byte FOT_CHECK,0,0,16,7,10
>b5f5	27 b6				        .word gm_t_bell
>b5f7	01 00 00 02 08 08		        .byte FOT_TEXT,0,0,2,8,8
>b5fd	2c b6				        .word gm_t_printer
>b5ff	04 30 00 0b 08 04		        .byte FOT_RADIO,$30,0,11,8,4
>b605	89 b6				        .word gm_t_4
>b607	04 30 00 10 08 04		        .byte FOT_RADIO,$30,0,16,8,4
>b60d	8b b6				        .word gm_t_5
>b60f	03 00 00 02 09 10		        .byte FOT_CHECK,0,0,2,9,16
>b615	35 b6				        .word gm_t_lower
>b617	02 03 00 06 0a 08		        .byte FOT_BUTTON,FOF_DEFAULT|FOF_EXIT,0,6,10,8
>b61d	01 b4				        .word gm_t_ok
>b61f	02 06 00 12 0a 08		        .byte FOT_BUTTON,FOF_CANCEL|FOF_EXIT,0,18,10,8
>b625	04 b4				        .word gm_t_cancel
>b627	42 65 6c 6c 00			gm_t_bell: .byte 66,101,108,108,0   ; Bell
>b62c	50 72 69 6e 74 65 72 3a		gm_t_printer: .byte 80,114,105,110,116,101,114,58,0   ; Printer:
>b634	00
>b635	4c 6f 77 65 72 63 61 73		gm_t_lower: .byte 76,111,119,101,114,99,97,115,101,0   ; Lowercase
>b63d	65 00
>b63f	43 6f 6e 74 72 6f 6c 20		gm_t_control: .byte 67,111,110,116,114,111,108,32,80,97,110,101,108,0   ; Control Panel
>b647	50 61 6e 65 6c 00
>b64d	4b 65 79 20 72 65 70 65		gm_t_repeat: .byte 75,101,121,32,114,101,112,101,97,116,58,0   ; Key repeat:
>b655	61 74 3a 00
>b659	41 6c 6c 00			gm_t_all: .byte 65,108,108,0   ; All
>b65d	43 75 72 73 6f 72 00		gm_t_cursor: .byte 67,117,114,115,111,114,0   ; Cursor
>b664	4e 6f 6e 65 00			gm_t_none: .byte 78,111,110,101,0   ; None
>b669	44 6f 75 62 6c 65 2d 63		gm_t_dclick: .byte 68,111,117,98,108,101,45,99,108,105,99,107,32,40,115,108,111,119,45,102,97,115,116,41,58,0   ; Double-click (slow-fast):
>b671	6c 69 63 6b 20 28 73 6c 6f 77 2d 66 61 73 74 29
>b681	3a 00
>b683	31 00				gm_t_1: .byte 49,0   ; 1
>b685	32 00				gm_t_2: .byte 50,0   ; 2
>b687	33 00				gm_t_3: .byte 51,0   ; 3
>b689	34 00				gm_t_4: .byte 52,0   ; 4
>b68b	35 00				gm_t_5: .byte 53,0   ; 5
>b68d	4b 65 79 20 63 6c 69 63		gm_t_click: .byte 75,101,121,32,99,108,105,99,107,0   ; Key click
>b695	6b 00

;******  Processing file: src/native/forms.inc

=1					FOT_TEXT = 1
=2					FOT_BUTTON = 2
=3					FOT_CHECK = 3
=4					FOT_RADIO = 4
=5					FOT_FIELD = 5
=1					FOF_DEFAULT = 1                  ; flags
=2					FOF_EXIT = 2
=4					FOF_CANCEL = 4
=1					FOS_SELECTED = 1                 ; state
=2					FOS_DISABLED = 2
=$61					FOC_PAPER = $61
=$07					FOC_FOCUS = $07
=$c1					FOC_GREY = $c1
=32					FOT_MAX_OBJECTS = 32
.b697					fo_open:
.b697	8d b1 bf	sta $bfb1	        sta fo_ptr
.b69a	8e b2 bf	stx $bfb2	        stx fo_ptr+1
.b69d	8d a6 b6	sta $b6a6	        sta fo_hdr+1
.b6a0	8e a7 b6	stx $b6a7	        stx fo_hdr+2
.b6a3	a0 04		ldy #$04	        ldy #4
.b6a5					fo_hdr:
.b6a5	b9 ff ff	lda $ffff,y	        lda $ffff,y
.b6a8	99 b3 bf	sta $bfb3,y	        sta fo_x,y
.b6ab	88		dey		        dey
.b6ac	10 f7		bpl $b6a5	        bpl fo_hdr
.b6ae	ad b7 bf	lda $bfb7	        lda fo_n
.b6b1	d0 03		bne $b6b6	        beq fo_bad
.b6b3	4c 4c b7	jmp $b74c
.b6b6	c9 21		cmp #$21	        cmp #FOT_MAX_OBJECTS+1
.b6b8	b0 f9		bcs $b6b3	        bcs fo_bad
.b6ba	ad b5 bf	lda $bfb5	        lda fo_w
.b6bd	c9 03		cmp #$03	        cmp #3
.b6bf	90 f2		bcc $b6b3	        bcc fo_bad
.b6c1	c9 27		cmp #$27	        cmp #39
.b6c3	b0 ee		bcs $b6b3	        bcs fo_bad
.b6c5	ad b6 bf	lda $bfb6	        lda fo_h
.b6c8	c9 03		cmp #$03	        cmp #3
.b6ca	90 e7		bcc $b6b3	        bcc fo_bad
.b6cc	c9 18		cmp #$18	        cmp #24
.b6ce	b0 7c		bcs $b74c	        bcs fo_bad
.b6d0	ad b3 bf	lda $bfb3	        lda fo_x
.b6d3	c9 ff		cmp #$ff	        cmp #$ff
.b6d5	d0 18		bne $b6ef	        bne fo_placed
.b6d7	a9 28		lda #$28	        lda #40                 ; centred below the menu bar
.b6d9	38		sec		        sec
.b6da	ed b5 bf	sbc $bfb5	        sbc fo_w
.b6dd	4a		lsr a		        lsr
.b6de	8d b3 bf	sta $bfb3	        sta fo_x
.b6e1	a9 19		lda #$19	        lda #25
.b6e3	38		sec		        sec
.b6e4	ed b6 bf	sbc $bfb6	        sbc fo_h
.b6e7	4a		lsr a		        lsr
.b6e8	d0 02		bne $b6ec	        bne +
.b6ea	a9 01		lda #$01	        lda #1
.b6ec	8d b4 bf	sta $bfb4	+       sta fo_y
.b6ef					fo_placed:
.b6ef	ad b4 bf	lda $bfb4	        lda fo_y
.b6f2	f0 58		beq $b74c	        beq fo_bad
.b6f4	18		clc		        clc
.b6f5	6d b6 bf	adc $bfb6	        adc fo_h
.b6f8	c9 1a		cmp #$1a	        cmp #26
.b6fa	b0 50		bcs $b74c	        bcs fo_bad
.b6fc	ad b3 bf	lda $bfb3	        lda fo_x
.b6ff	18		clc		        clc
.b700	6d b5 bf	adc $bfb5	        adc fo_w
.b703	c9 29		cmp #$29	        cmp #41
.b705	b0 45		bcs $b74c	        bcs fo_bad
.b707	20 e1 bd	jsr $bde1	        jsr fo_transfer_alloc   ; save the cells under the form
.b70a	b0 35		bcs $b741	        bcs fo_open_done
.b70c	a2 00		ldx #$00	        ldx #0                  ; fields: caret at the end
.b70e					fo_init_fields:
.b70e	8e c4 bf	stx $bfc4	        stx fo_i
.b711	20 32 ba	jsr $ba32	        jsr fo_fetch
.b714	ad b8 bf	lda $bfb8	        lda fo_type
.b717	c9 05		cmp #$05	        cmp #FOT_FIELD
.b719	d0 0d		bne $b728	        bne +
.b71b	20 84 ba	jsr $ba84	        jsr fo_uiptr
.b71e	a9 00		lda #$00	        lda #0
.b720	8d 37 3d	sta $3d37	        sta N_UIKEY
.b723	20 59 1c	jsr $1c59	        jsr N_FEDIT
.b726	b0 1a		bcs $b742	        bcs fo_open_free
.b728	ae c4 bf	ldx $bfc4	+       ldx fo_i
.b72b	e8		inx		        inx
.b72c	ec b7 bf	cpx $bfb7	        cpx fo_n
.b72f	d0 dd		bne $b70e	        bne fo_init_fields
.b731	a9 ff		lda #$ff	        lda #$ff
.b733	8d c3 bf	sta $bfc3	        sta fo_focus
.b736	a9 01		lda #$01	        lda #1                  ; a press held from before is not a click
.b738	8d cb bf	sta $bfcb	        sta fo_prev_button
.b73b	20 9c b9	jsr $b99c	        jsr fo_next
.b73e	20 91 ba	jsr $ba91	        jsr fo_draw_all
.b741					fo_open_done:
.b741	60		rts		        rts
.b742					fo_open_free:
.b742	48		pha		        pha
.b743	20 4e bf	jsr $bf4e	        jsr fo_select_save
.b746	20 23 1c	jsr $1c23	        jsr N_FREE
.b749	68		pla		        pla
.b74a	38		sec		        sec
.b74b	60		rts		        rts
.b74c					fo_bad:
.b74c	a9 01		lda #$01	        lda #N_BADARG
.b74e	38		sec		        sec
.b74f	60		rts		        rts
.b750					fo_close:
.b750	a9 01		lda #$01	        lda #1                  ; saved copy -> surface
.b752	20 3d be	jsr $be3d	        jsr fo_transfer
.b755	08		php		        php
.b756	48		pha		        pha
.b757	20 63 b7	jsr $b763	        jsr fo_mark_rows        ; a raw copy, unseen by the graphics core's tracking
.b75a	20 4e bf	jsr $bf4e	        jsr fo_select_save
.b75d	20 23 1c	jsr $1c23	        jsr N_FREE
.b760	68		pla		        pla
.b761	28		plp		        plp
.b762	60		rts		        rts
.b763					fo_mark_rows:
.b763	ae b4 bf	ldx $bfb4	        ldx fo_y
.b766	ac b6 bf	ldy $bfb6	        ldy fo_h
.b769	f0 0c		beq $b777	        beq +
.b76b	a9 01		lda #$01	        lda #1
.b76d	8d b8 ab	sta $abb8	        sta vm_pending
.b770	9d 9f ab	sta $ab9f,x	-       sta vm_rows,x
.b773	e8		inx		        inx
.b774	88		dey		        dey
.b775	d0 f9		bne $b770	        bne -
.b777	60		rts		+       rts
.b778					fo_redraw:
.b778	20 df ba	jsr $badf	        jsr fo_draw_obj
.b77b	08		php		        php
.b77c	48		pha		        pha
.b77d	20 2a 9b	jsr $9b2a	        jsr gfx_clip_defaults
.b780	68		pla		        pla
.b781	28		plp		        plp
.b782	60		rts		        rts
.b783					fo_do:
.b783	20 b9 62	jsr $62b9	        jsr ae_present          ; the app's VDC mirror: rows the dialog redrew
.b786	a9 01		lda #$01	        lda #1
.b788	8d 12 3d	sta $3d12	        sta N_READY
.b78b	20 3b 1c	jsr $1c3b	        jsr N_KEYIN
.b78e	a2 00		ldx #$00	        ldx #0
.b790	8e 12 3d	stx $3d12	        stx N_READY
.b793	8d c9 bf	sta $bfc9	        sta fo_key
.b796	20 73 a4	jsr $a473	        jsr pm_poll
.b799	a2 00		ldx #$00	        ldx #0                  ; a press is a change from up to down
.b79b	ad 6f a6	lda $a66f	        lda pm_buttons
.b79e	f0 06		beq $b7a6	        beq +
.b7a0	ad cb bf	lda $bfcb	        lda fo_prev_button
.b7a3	d0 01		bne $b7a6	        bne +
.b7a5	e8		inx		        inx
.b7a6	8e ca bf	stx $bfca	+       stx fo_press
.b7a9	ad 6f a6	lda $a66f	        lda pm_buttons
.b7ac	f0 02		beq $b7b0	        beq +
.b7ae	a9 01		lda #$01	        lda #1
.b7b0	8d cb bf	sta $bfcb	+       sta fo_prev_button
.b7b3	ad c9 bf	lda $bfc9	        lda fo_key
.b7b6	f0 05		beq $b7bd	        beq +
.b7b8	20 f9 b7	jsr $b7f9	        jsr fo_key_act
.b7bb	b0 0a		bcs $b7c7	        bcs fo_do_result
.b7bd	ad ca bf	lda $bfca	+       lda fo_press
.b7c0	f0 c1		beq $b783	        beq fo_do
.b7c2	20 a2 b8	jsr $b8a2	        jsr fo_click
.b7c5	90 bc		bcc $b783	        bcc fo_do
.b7c7					fo_do_result:
.b7c7	ad 6f a6	lda $a66f	-       lda pm_buttons          ; left with the pointer: the press ends here, at
.b7ca	f0 13		beq $b7df	        beq +                   ; its release, so the caller never sees it
.b7cc	a9 01		lda #$01	        lda #1
.b7ce	8d 12 3d	sta $3d12	        sta N_READY
.b7d1	20 3b 1c	jsr $1c3b	        jsr N_KEYIN             ; (idle; a key typed meanwhile is dropped)
.b7d4	a2 00		ldx #$00	        ldx #0
.b7d6	8e 12 3d	stx $3d12	        stx N_READY
.b7d9	20 73 a4	jsr $a473	        jsr pm_poll
.b7dc	4c c7 b7	jmp $b7c7	        jmp -
.b7df	ad cc bf	lda $bfcc	+       lda fo_exit
.b7e2	c9 ff		cmp #$ff	        cmp #$ff
.b7e4	f0 02		beq $b7e8	        beq +
.b7e6	18		clc		        clc
.b7e7	60		rts		        rts
.b7e8	ad cd bf	lda $bfcd	+       lda fo_error
.b7eb	38		sec		        sec
.b7ec	60		rts		        rts
.b7ed					fo_fail:
.b7ed	8d cd bf	sta $bfcd	        sta fo_error
.b7f0	a9 ff		lda #$ff	        lda #$ff
.b7f2	8d cc bf	sta $bfcc	        sta fo_exit
.b7f5	38		sec		        sec
.b7f6	60		rts		        rts
.b7f7					fo_continue:
.b7f7	18		clc		        clc
.b7f8	60		rts		        rts
.b7f9					fo_key_act:
.b7f9	c9 1b		cmp #$1b	        cmp #27                 ; Esc: the cancel object
.b7fb	d0 05		bne $b802	        bne +
.b7fd	a9 04		lda #$04	        lda #FOF_CANCEL
.b7ff	4c 77 b8	jmp $b877	        jmp fo_press_flagged
.b802	c9 0d		cmp #$0d	+       cmp #13
.b804	d0 1c		bne $b822	        bne +
.b806	ae c3 bf	ldx $bfc3	        ldx fo_focus            ; Return: the focused button, else the default
.b809	e0 ff		cpx #$ff	        cpx #$ff
.b80b	f0 10		beq $b81d	        beq fo_return_default
.b80d	20 32 ba	jsr $ba32	        jsr fo_fetch
.b810	ad b8 bf	lda $bfb8	        lda fo_type
.b813	c9 02		cmp #$02	        cmp #FOT_BUTTON
.b815	d0 06		bne $b81d	        bne fo_return_default
.b817	ae c3 bf	ldx $bfc3	        ldx fo_focus
.b81a	4c 07 b9	jmp $b907	        jmp fo_act
.b81d					fo_return_default:
.b81d	a9 01		lda #$01	        lda #FOF_DEFAULT
.b81f	4c 77 b8	jmp $b877	        jmp fo_press_flagged
.b822	c9 09		cmp #$09	+       cmp #9                  ; Tab, cursor down: next
.b824	f0 0e		beq $b834	        beq fo_key_next
.b826	c9 11		cmp #$11	        cmp #$11
.b828	f0 0a		beq $b834	        beq fo_key_next
.b82a	c9 91		cmp #$91	        cmp #$91
.b82c	d0 0d		bne $b83b	        bne fo_key_other
.b82e	20 c8 b9	jsr $b9c8	        jsr fo_prev
.b831	4c 37 b8	jmp $b837	        jmp fo_focus_moved
.b834					fo_key_next:
.b834	20 9c b9	jsr $b99c	        jsr fo_next
.b837					fo_focus_moved:
.b837	b0 b4		bcs $b7ed	        bcs fo_fail
.b839	18		clc		        clc
.b83a	60		rts		        rts
.b83b					fo_key_other:
.b83b	ae c3 bf	ldx $bfc3	        ldx fo_focus
.b83e	e0 ff		cpx #$ff	        cpx #$ff
.b840	f0 b5		beq $b7f7	        beq fo_continue
.b842	20 32 ba	jsr $ba32	        jsr fo_fetch
.b845	ad b8 bf	lda $bfb8	        lda fo_type
.b848	c9 05		cmp #$05	        cmp #FOT_FIELD
.b84a	f0 0d		beq $b859	        beq fo_edit
.b84c	ad c9 bf	lda $bfc9	        lda fo_key              ; Space acts on the focused object
.b84f	c9 20		cmp #$20	        cmp #32
.b851	d0 a4		bne $b7f7	        bne fo_continue
.b853	ae c3 bf	ldx $bfc3	        ldx fo_focus
.b856	4c 07 b9	jmp $b907	        jmp fo_act
.b859					fo_edit:
.b859	20 84 ba	jsr $ba84	        jsr fo_uiptr
.b85c	ad c9 bf	lda $bfc9	        lda fo_key
.b85f	8d 37 3d	sta $3d37	        sta N_UIKEY
.b862	20 59 1c	jsr $1c59	        jsr N_FEDIT
.b865	b0 86		bcs $b7ed	        bcs fo_fail
.b867	ae c3 bf	ldx $bfc3	        ldx fo_focus
.b86a	20 df ba	jsr $badf	        jsr fo_draw_obj
.b86d	90 03		bcc $b872	        bcs fo_fail
.b86f	4c ed b7	jmp $b7ed
.b872	20 2a 9b	jsr $9b2a	        jsr gfx_clip_defaults
.b875	18		clc		        clc
.b876	60		rts		        rts
.b877					fo_press_flagged:
.b877	8d c8 bf	sta $bfc8	        sta fo_flag
.b87a	a2 00		ldx #$00	        ldx #0
.b87c	8e c4 bf	stx $bfc4	-       stx fo_i
.b87f	20 32 ba	jsr $ba32	        jsr fo_fetch
.b882	ad b9 bf	lda $bfb9	        lda fo_flags
.b885	2d c8 bf	and $bfc8	        and fo_flag
.b888	f0 0d		beq $b897	        beq +
.b88a	ad ba bf	lda $bfba	        lda fo_state
.b88d	29 02		and #$02	        and #FOS_DISABLED
.b88f	d0 06		bne $b897	        bne +
.b891	ae c4 bf	ldx $bfc4	        ldx fo_i
.b894	4c 07 b9	jmp $b907	        jmp fo_act
.b897	ae c4 bf	ldx $bfc4	+       ldx fo_i
.b89a	e8		inx		        inx
.b89b	ec b7 bf	cpx $bfb7	        cpx fo_n
.b89e	d0 dc		bne $b87c	        bne -
.b8a0	18		clc		        clc
.b8a1	60		rts		        rts
.b8a2					fo_click:
.b8a2	ad 69 a6	lda $a669	        lda pm_x+1              ; pointer cell
.b8a5	4a		lsr a		        lsr
.b8a6	ad 68 a6	lda $a668	        lda pm_x
.b8a9	6a		ror a		        ror
.b8aa	4a		lsr a		        lsr
.b8ab	4a		lsr a		        lsr
.b8ac	8d cf bf	sta $bfcf	        sta fo_cx
.b8af	ad 6a a6	lda $a66a	        lda pm_y
.b8b2	4a		lsr a		        lsr
.b8b3	4a		lsr a		        lsr
.b8b4	4a		lsr a		        lsr
.b8b5	8d d0 bf	sta $bfd0	        sta fo_cy
.b8b8	a2 00		ldx #$00	        ldx #0
.b8ba					fo_hit:
.b8ba	8e c4 bf	stx $bfc4	        stx fo_i
.b8bd	20 32 ba	jsr $ba32	        jsr fo_fetch
.b8c0	20 1c ba	jsr $ba1c	        jsr fo_focusable
.b8c3	90 34		bcc $b8f9	        bcc fo_hit_next
.b8c5	ad cf bf	lda $bfcf	        lda fo_cx
.b8c8	38		sec		        sec
.b8c9	ed c0 bf	sbc $bfc0	        sbc fo_ax
.b8cc	90 2b		bcc $b8f9	        bcc fo_hit_next
.b8ce	cd bd bf	cmp $bfbd	        cmp fo_ow
.b8d1	b0 26		bcs $b8f9	        bcs fo_hit_next
.b8d3	ad d0 bf	lda $bfd0	        lda fo_cy
.b8d6	38		sec		        sec
.b8d7	ed c1 bf	sbc $bfc1	        sbc fo_ay
.b8da	90 1d		bcc $b8f9	        bcc fo_hit_next
.b8dc	cd c2 bf	cmp $bfc2	        cmp fo_rows
.b8df	b0 18		bcs $b8f9	        bcs fo_hit_next
.b8e1	ae c4 bf	ldx $bfc4	        ldx fo_i
.b8e4	20 f0 b9	jsr $b9f0	        jsr fo_set_focus
.b8e7	b0 1b		bcs $b904	        bcs fo_click_fail
.b8e9	ad b8 bf	lda $bfb8	        lda fo_type
.b8ec	c9 05		cmp #$05	        cmp #FOT_FIELD
.b8ee	d0 03		bne $b8f3	        beq fo_continue
.b8f0	4c f7 b7	jmp $b7f7
.b8f3	ae c4 bf	ldx $bfc4	        ldx fo_i
.b8f6	4c 07 b9	jmp $b907	        jmp fo_act
.b8f9					fo_hit_next:
.b8f9	ae c4 bf	ldx $bfc4	        ldx fo_i
.b8fc	e8		inx		        inx
.b8fd	ec b7 bf	cpx $bfb7	        cpx fo_n
.b900	d0 b8		bne $b8ba	        bne fo_hit
.b902	18		clc		        clc
.b903	60		rts		        rts
.b904					fo_click_fail:
.b904	4c ed b7	jmp $b7ed	        jmp fo_fail
.b907					fo_act:
.b907	8e c4 bf	stx $bfc4	        stx fo_i
.b90a	20 32 ba	jsr $ba32	        jsr fo_fetch
.b90d	ad ba bf	lda $bfba	        lda fo_state
.b910	29 02		and #$02	        and #FOS_DISABLED
.b912	d0 dc		bne $b8f0	        bne fo_continue
.b914	ad b8 bf	lda $bfb8	        lda fo_type
.b917	c9 02		cmp #$02	        cmp #FOT_BUTTON
.b919	d0 0f		bne $b92a	        bne +
.b91b	ad b9 bf	lda $bfb9	        lda fo_flags
.b91e	29 06		and #$06	        and #FOF_EXIT|FOF_CANCEL
.b920	f0 ce		beq $b8f0	        beq fo_continue
.b922	ad c4 bf	lda $bfc4	        lda fo_i
.b925	8d cc bf	sta $bfcc	        sta fo_exit
.b928	38		sec		        sec
.b929	60		rts		        rts
.b92a	c9 03		cmp #$03	+       cmp #FOT_CHECK
.b92c	d0 13		bne $b941	        bne +
.b92e	ad ba bf	lda $bfba	        lda fo_state
.b931	49 01		eor #$01	        eor #FOS_SELECTED
.b933	20 7b ba	jsr $ba7b	        jsr fo_put_state
.b936	ae c4 bf	ldx $bfc4	        ldx fo_i
.b939	20 df ba	jsr $badf	        jsr fo_draw_obj
.b93c	b0 5b		bcs $b999	        bcs fo_act_fail
.b93e	4c 94 b9	jmp $b994	        jmp fo_act_done
.b941	c9 04		cmp #$04	+       cmp #FOT_RADIO
.b943	d0 ab		bne $b8f0	        bne fo_continue
.b945	ad b9 bf	lda $bfb9	        lda fo_flags
.b948	29 f0		and #$f0	        and #$f0
.b94a	8d c8 bf	sta $bfc8	        sta fo_flag             ; the group
.b94d	ad c4 bf	lda $bfc4	        lda fo_i
.b950	8d c6 bf	sta $bfc6	        sta fo_target
.b953	a2 00		ldx #$00	        ldx #0
.b955					fo_radio_loop:
.b955	8e c4 bf	stx $bfc4	        stx fo_i
.b958	20 32 ba	jsr $ba32	        jsr fo_fetch
.b95b	ad b8 bf	lda $bfb8	        lda fo_type
.b95e	c9 04		cmp #$04	        cmp #FOT_RADIO
.b960	d0 29		bne $b98b	        bne fo_radio_next
.b962	ad b9 bf	lda $bfb9	        lda fo_flags
.b965	29 f0		and #$f0	        and #$f0
.b967	cd c8 bf	cmp $bfc8	        cmp fo_flag
.b96a	d0 1f		bne $b98b	        bne fo_radio_next
.b96c	ad ba bf	lda $bfba	        lda fo_state
.b96f	29 fe		and #$fe	        and #255-FOS_SELECTED
.b971	ae c4 bf	ldx $bfc4	        ldx fo_i
.b974	ec c6 bf	cpx $bfc6	        cpx fo_target
.b977	d0 02		bne $b97b	        bne +
.b979	09 01		ora #$01	        ora #FOS_SELECTED
.b97b	cd ba bf	cmp $bfba	+       cmp fo_state
.b97e	f0 0b		beq $b98b	        beq fo_radio_next
.b980	20 7b ba	jsr $ba7b	        jsr fo_put_state
.b983	ae c4 bf	ldx $bfc4	        ldx fo_i
.b986	20 df ba	jsr $badf	        jsr fo_draw_obj
.b989	b0 0e		bcs $b999	        bcs fo_act_fail
.b98b					fo_radio_next:
.b98b	ae c4 bf	ldx $bfc4	        ldx fo_i
.b98e	e8		inx		        inx
.b98f	ec b7 bf	cpx $bfb7	        cpx fo_n
.b992	d0 c1		bne $b955	        bne fo_radio_loop
.b994					fo_act_done:
.b994	20 2a 9b	jsr $9b2a	        jsr gfx_clip_defaults
.b997	18		clc		        clc
.b998	60		rts		        rts
.b999					fo_act_fail:
.b999	4c ed b7	jmp $b7ed	        jmp fo_fail
.b99c					fo_next:
.b99c	ae c3 bf	ldx $bfc3	        ldx fo_focus
.b99f	ad b7 bf	lda $bfb7	        lda fo_n
.b9a2	8d c7 bf	sta $bfc7	        sta fo_count
.b9a5	e8		inx		-       inx
.b9a6	ec b7 bf	cpx $bfb7	        cpx fo_n
.b9a9	90 02		bcc $b9ad	        bcc +
.b9ab	a2 00		ldx #$00	        ldx #0
.b9ad	8e c4 bf	stx $bfc4	+       stx fo_i
.b9b0	20 32 ba	jsr $ba32	        jsr fo_fetch
.b9b3	20 1c ba	jsr $ba1c	        jsr fo_focusable
.b9b6	b0 0a		bcs $b9c2	        bcs +
.b9b8	ae c4 bf	ldx $bfc4	        ldx fo_i
.b9bb	ce c7 bf	dec $bfc7	        dec fo_count
.b9be	d0 e5		bne $b9a5	        bne -
.b9c0	18		clc		        clc
.b9c1	60		rts		        rts
.b9c2	ae c4 bf	ldx $bfc4	+       ldx fo_i
.b9c5	4c f0 b9	jmp $b9f0	        jmp fo_set_focus
.b9c8					fo_prev:
.b9c8	ae c3 bf	ldx $bfc3	        ldx fo_focus
.b9cb	ad b7 bf	lda $bfb7	        lda fo_n
.b9ce	8d c7 bf	sta $bfc7	        sta fo_count
.b9d1	ca		dex		-       dex
.b9d2	10 04		bpl $b9d8	        bpl +
.b9d4	ae b7 bf	ldx $bfb7	        ldx fo_n
.b9d7	ca		dex		        dex
.b9d8	8e c4 bf	stx $bfc4	+       stx fo_i
.b9db	20 32 ba	jsr $ba32	        jsr fo_fetch
.b9de	20 1c ba	jsr $ba1c	        jsr fo_focusable
.b9e1	b0 0a		bcs $b9ed	        bcs +
.b9e3	ae c4 bf	ldx $bfc4	        ldx fo_i
.b9e6	ce c7 bf	dec $bfc7	        dec fo_count
.b9e9	d0 e6		bne $b9d1	        bne -
.b9eb	18		clc		        clc
.b9ec	60		rts		        rts
.b9ed	ae c4 bf	ldx $bfc4	+       ldx fo_i
.b9f0					fo_set_focus:
.b9f0	ad c3 bf	lda $bfc3	        lda fo_focus
.b9f3	8e c3 bf	stx $bfc3	        stx fo_focus
.b9f6	cd c3 bf	cmp $bfc3	        cmp fo_focus
.b9f9	f0 12		beq $ba0d	        beq fo_focus_same
.b9fb	c9 ff		cmp #$ff	        cmp #$ff
.b9fd	f0 06		beq $ba05	        beq +
.b9ff	aa		tax		        tax
.ba00	20 df ba	jsr $badf	        jsr fo_draw_obj
.ba03	b0 0c		bcs $ba11	        bcs fo_focus_done
.ba05	ae c3 bf	ldx $bfc3	+       ldx fo_focus
.ba08	20 df ba	jsr $badf	        jsr fo_draw_obj
.ba0b	b0 04		bcs $ba11	        bcs fo_focus_done
.ba0d					fo_focus_same:
.ba0d	20 2a 9b	jsr $9b2a	        jsr gfx_clip_defaults
.ba10	18		clc		        clc
.ba11					fo_focus_done:
.ba11	08		php		        php
.ba12	48		pha		        pha
.ba13	ae c4 bf	ldx $bfc4	        ldx fo_i                ; callers expect fo_o to be this object
.ba16	20 32 ba	jsr $ba32	        jsr fo_fetch
.ba19	68		pla		        pla
.ba1a	28		plp		        plp
.ba1b	60		rts		        rts
.ba1c					fo_focusable:
.ba1c	ad b8 bf	lda $bfb8	        lda fo_type
.ba1f	c9 02		cmp #$02	        cmp #FOT_BUTTON
.ba21	90 0d		bcc $ba30	        bcc +
.ba23	c9 06		cmp #$06	        cmp #FOT_FIELD+1
.ba25	b0 09		bcs $ba30	        bcs +
.ba27	ad ba bf	lda $bfba	        lda fo_state
.ba2a	29 02		and #$02	        and #FOS_DISABLED
.ba2c	d0 02		bne $ba30	        bne +
.ba2e	38		sec		        sec
.ba2f	60		rts		        rts
.ba30	18		clc		+       clc
.ba31	60		rts		        rts
.ba32					fo_fetch:
.ba32	8a		txa		        txa
.ba33	0a		asl a		        asl
.ba34	0a		asl a		        asl
.ba35	0a		asl a		        asl
.ba36	18		clc		        clc
.ba37	69 05		adc #$05	        adc #5
.ba39	18		clc		        clc
.ba3a	6d b1 bf	adc $bfb1	        adc fo_ptr
.ba3d	8d 51 ba	sta $ba51	        sta fo_obj_rd+1
.ba40	8d 81 ba	sta $ba81	        sta fo_obj_wr+1
.ba43	ad b2 bf	lda $bfb2	        lda fo_ptr+1
.ba46	69 00		adc #$00	        adc #0
.ba48	8d 52 ba	sta $ba52	        sta fo_obj_rd+2
.ba4b	8d 82 ba	sta $ba82	        sta fo_obj_wr+2
.ba4e	a0 07		ldy #$07	        ldy #7
.ba50					fo_obj_rd:
.ba50	b9 ff ff	lda $ffff,y	        lda $ffff,y
.ba53	99 b8 bf	sta $bfb8,y	        sta fo_type,y
.ba56	88		dey		        dey
.ba57	10 f7		bpl $ba50	        bpl fo_obj_rd
.ba59	ad b3 bf	lda $bfb3	        lda fo_x
.ba5c	18		clc		        clc
.ba5d	6d bb bf	adc $bfbb	        adc fo_ox
.ba60	8d c0 bf	sta $bfc0	        sta fo_ax
.ba63	ad b4 bf	lda $bfb4	        lda fo_y
.ba66	18		clc		        clc
.ba67	6d bc bf	adc $bfbc	        adc fo_oy
.ba6a	8d c1 bf	sta $bfc1	        sta fo_ay
.ba6d	a0 01		ldy #$01	        ldy #1
.ba6f	ad b8 bf	lda $bfb8	        lda fo_type
.ba72	c9 02		cmp #$02	        cmp #FOT_BUTTON
.ba74	d0 01		bne $ba77	        bne +
.ba76	c8		iny		        iny
.ba77	8c c2 bf	sty $bfc2	+       sty fo_rows
.ba7a	60		rts		        rts
.ba7b					fo_put_state:
.ba7b	8d ba bf	sta $bfba	        sta fo_state
.ba7e	a0 02		ldy #$02	        ldy #2
.ba80					fo_obj_wr:
.ba80	99 ff ff	sta $ffff,y	        sta $ffff,y
.ba83	60		rts		        rts
.ba84					fo_uiptr:
.ba84	ad be bf	lda $bfbe	        lda fo_spec
.ba87	8d 35 3d	sta $3d35	        sta N_UIPTR
.ba8a	ad bf bf	lda $bfbf	        lda fo_spec+1
.ba8d	8d 36 3d	sta $3d36	        sta N_UIPTR+1
.ba90	60		rts		        rts
.ba91					fo_draw_all:
.ba91	ad b3 bf	lda $bfb3	        lda fo_x
.ba94	8d d1 bf	sta $bfd1	        sta fo_c0x
.ba97	18		clc		        clc
.ba98	6d b5 bf	adc $bfb5	        adc fo_w
.ba9b	8d d3 bf	sta $bfd3	        sta fo_c1x
.ba9e	ad b4 bf	lda $bfb4	        lda fo_y
.baa1	8d d2 bf	sta $bfd2	        sta fo_c0y
.baa4	18		clc		        clc
.baa5	6d b6 bf	adc $bfb6	        adc fo_h
.baa8	8d d4 bf	sta $bfd4	        sta fo_c1y
.baab	a2 00		ldx #$00	        ldx #0
.baad	8e d5 bf	stx $bfd5	-       stx fo_inset
.bab0	8a		txa		        txa
.bab1	29 01		and #$01	        and #1                  ; insets 0 2 4 clear, 1 3 ink
.bab3	20 4e bd	jsr $bd4e	        jsr fo_box
.bab6	b0 26		bcs $bade	        bcs fo_draw_done
.bab8	ae d5 bf	ldx $bfd5	        ldx fo_inset
.babb	e8		inx		        inx
.babc	e0 05		cpx #$05	        cpx #5
.babe	d0 ed		bne $baad	        bne -
.bac0	a9 61		lda #$61	        lda #FOC_PAPER
.bac2	20 a0 bd	jsr $bda0	        jsr fo_cells
.bac5	b0 17		bcs $bade	        bcs fo_draw_done
.bac7	a2 00		ldx #$00	        ldx #0
.bac9	8e c5 bf	stx $bfc5	-       stx fo_j
.bacc	20 df ba	jsr $badf	        jsr fo_draw_obj
.bacf	b0 0d		bcs $bade	        bcs fo_draw_done
.bad1	ae c5 bf	ldx $bfc5	        ldx fo_j
.bad4	e8		inx		        inx
.bad5	ec b7 bf	cpx $bfb7	        cpx fo_n
.bad8	d0 ef		bne $bac9	        bne -
.bada	20 2a 9b	jsr $9b2a	        jsr gfx_clip_defaults
.badd	18		clc		        clc
.bade					fo_draw_done:
.bade	60		rts		        rts
.badf					fo_draw_obj:
.badf	8e c4 bf	stx $bfc4	        stx fo_i
.bae2	20 32 ba	jsr $ba32	        jsr fo_fetch
.bae5	a9 61		lda #$61	        lda #FOC_PAPER           ; its colour
.bae7	8d ce bf	sta $bfce	        sta fo_color
.baea	ad ba bf	lda $bfba	        lda fo_state
.baed	29 02		and #$02	        and #FOS_DISABLED
.baef	f0 07		beq $baf8	        beq +
.baf1	a9 c1		lda #$c1	        lda #FOC_GREY
.baf3	8d ce bf	sta $bfce	        sta fo_color
.baf6	d0 14		bne $bb0c	        bne ++
.baf8	ad c4 bf	lda $bfc4	+       lda fo_i
.bafb	cd c3 bf	cmp $bfc3	        cmp fo_focus
.bafe	d0 0c		bne $bb0c	        bne +
.bb00	ad b8 bf	lda $bfb8	        lda fo_type
.bb03	c9 05		cmp #$05	        cmp #FOT_FIELD           ; a field shows focus at its caret only
.bb05	f0 05		beq $bb0c	        beq +
.bb07	a9 07		lda #$07	        lda #FOC_FOCUS
.bb09	8d ce bf	sta $bfce	        sta fo_color
.bb0c	ad c0 bf	lda $bfc0	+       lda fo_ax               ; its cells, cleared
.bb0f	8d d1 bf	sta $bfd1	        sta fo_c0x
.bb12	18		clc		        clc
.bb13	6d bd bf	adc $bfbd	        adc fo_ow
.bb16	8d d3 bf	sta $bfd3	        sta fo_c1x
.bb19	ad c1 bf	lda $bfc1	        lda fo_ay
.bb1c	8d d2 bf	sta $bfd2	        sta fo_c0y
.bb1f	18		clc		        clc
.bb20	6d c2 bf	adc $bfc2	        adc fo_rows
.bb23	8d d4 bf	sta $bfd4	        sta fo_c1y
.bb26	a9 00		lda #$00	        lda #0
.bb28	8d d5 bf	sta $bfd5	        sta fo_inset
.bb2b	20 4e bd	jsr $bd4e	        jsr fo_box              ; A = 0: clear
.bb2e	b0 ae		bcs $bade	        bcs fo_draw_done
.bb30	ad b8 bf	lda $bfb8	        lda fo_type
.bb33	c9 02		cmp #$02	        cmp #FOT_BUTTON
.bb35	f0 1d		beq $bb54	        beq fo_draw_button
.bb37	c9 03		cmp #$03	        cmp #FOT_CHECK
.bb39	f0 77		beq $bbb2	        beq fo_draw_toggle
.bb3b	c9 04		cmp #$04	        cmp #FOT_RADIO
.bb3d	f0 73		beq $bbb2	        beq fo_draw_toggle
.bb3f	c9 05		cmp #$05	        cmp #FOT_FIELD
.bb41	d0 03		bne $bb46	        bne +
.bb43	4c 0d bc	jmp $bc0d	        jmp fo_draw_field
.bb46	20 06 bd	jsr $bd06	+       jsr fo_label            ; text
.bb49	ad c0 bf	lda $bfc0	        lda fo_ax
.bb4c	20 2a bd	jsr $bd2a	        jsr fo_text_at_row
.bb4f	b0 8d		bcs $bade	        bcs fo_draw_done
.bb51	4c 06 bc	jmp $bc06	        jmp fo_draw_colors
.bb54					fo_draw_button:
.bb54	a9 01		lda #$01	        lda #1                  ; a one-pixel frame; the default has two
.bb56	20 4e bd	jsr $bd4e	        jsr fo_box
.bb59	b0 83		bcs $bade	        bcs fo_draw_done
.bb5b	ee d5 bf	inc $bfd5	        inc fo_inset
.bb5e	a9 00		lda #$00	        lda #0
.bb60	20 4e bd	jsr $bd4e	        jsr fo_box
.bb63	90 03		bcc $bb68	        bcs fo_draw_done
.bb65	4c de ba	jmp $bade
.bb68	ad b9 bf	lda $bfb9	        lda fo_flags
.bb6b	29 01		and #$01	        and #FOF_DEFAULT
.bb6d	f0 11		beq $bb80	        beq +
.bb6f	a9 01		lda #$01	        lda #1
.bb71	20 4e bd	jsr $bd4e	        jsr fo_box
.bb74	b0 ef		bcs $bb65	        bcs fo_draw_done
.bb76	ee d5 bf	inc $bfd5	        inc fo_inset
.bb79	a9 00		lda #$00	        lda #0
.bb7b	20 4e bd	jsr $bd4e	        jsr fo_box
.bb7e	b0 e5		bcs $bb65	        bcs fo_draw_done
.bb80	20 06 bd	jsr $bd06	+       jsr fo_label            ; centred label, 4 pixels down
.bb83	ad bd bf	lda $bfbd	        lda fo_ow
.bb86	38		sec		        sec
.bb87	ed 54 a0	sbc $a054	        sbc gfx_text_length
.bb8a	4a		lsr a		        lsr
.bb8b	18		clc		        clc
.bb8c	6d c0 bf	adc $bfc0	        adc fo_ax
.bb8f	20 cc bd	jsr $bdcc	        jsr fo_times8
.bb92	8d 12 9f	sta $9f12	        sta gfx_x0
.bb95	8e 13 9f	stx $9f13	        stx gfx_x0+1
.bb98	ad c1 bf	lda $bfc1	        lda fo_ay
.bb9b	20 cc bd	jsr $bdcc	        jsr fo_times8
.bb9e	18		clc		        clc
.bb9f	69 04		adc #$04	        adc #4
.bba1	8d 14 9f	sta $9f14	        sta gfx_y0
.bba4	8a		txa		        txa
.bba5	69 00		adc #$00	        adc #0
.bba7	8d 15 9f	sta $9f15	        sta gfx_y0+1
.bbaa	20 3f bd	jsr $bd3f	        jsr fo_text
.bbad	b0 5d		bcs $bc0c	        bcs fo_draw_fail
.bbaf	4c 06 bc	jmp $bc06	        jmp fo_draw_colors
.bbb2					fo_draw_toggle:
.bbb2	ad ba bf	lda $bfba	        lda fo_state            ; glyph: box or circle, empty or marked
.bbb5	29 01		and #$01	        and #FOS_SELECTED
.bbb7	8d d6 bf	sta $bfd6	        sta fo_t8
.bbba	ad b8 bf	lda $bfb8	        lda fo_type
.bbbd	38		sec		        sec
.bbbe	e9 03		sbc #$03	        sbc #FOT_CHECK
.bbc0	0a		asl a		        asl
.bbc1	0d d6 bf	ora $bfd6	        ora fo_t8
.bbc4	0a		asl a		        asl
.bbc5	0a		asl a		        asl
.bbc6	0a		asl a		        asl
.bbc7	a8		tay		        tay
.bbc8	a2 00		ldx #$00	        ldx #0
.bbca	b9 89 bf	lda $bf89,y	-       lda fo_glyphs,y
.bbcd	9d 3f 9f	sta $9f3f,x	        sta gfx_bits,x
.bbd0	c8		iny		        iny
.bbd1	e8		inx		        inx
.bbd2	e0 08		cpx #$08	        cpx #8
.bbd4	d0 f4		bne $bbca	        bne -
.bbd6	ad c0 bf	lda $bfc0	        lda fo_ax
.bbd9	20 cc bd	jsr $bdcc	        jsr fo_times8
.bbdc	8d 12 9f	sta $9f12	        sta gfx_x0
.bbdf	8e 13 9f	stx $9f13	        stx gfx_x0+1
.bbe2	ad c1 bf	lda $bfc1	        lda fo_ay
.bbe5	20 cc bd	jsr $bdcc	        jsr fo_times8
.bbe8	8d 14 9f	sta $9f14	        sta gfx_y0
.bbeb	8e 15 9f	stx $9f15	        stx gfx_y0+1
.bbee	a9 03		lda #$03	        lda #3
.bbf0	8d 1a 9f	sta $9f1a	        sta gfx_pen
.bbf3	20 7a 99	jsr $997a	        jsr gfx_glyph
.bbf6	b0 14		bcs $bc0c	        bcs fo_draw_fail
.bbf8	20 06 bd	jsr $bd06	        jsr fo_label
.bbfb	ad c0 bf	lda $bfc0	        lda fo_ax
.bbfe	18		clc		        clc
.bbff	69 02		adc #$02	        adc #2
.bc01	20 2a bd	jsr $bd2a	        jsr fo_text_at_row
.bc04	b0 06		bcs $bc0c	        bcs fo_draw_fail
.bc06					fo_draw_colors:
.bc06	ad ce bf	lda $bfce	        lda fo_color
.bc09	4c a0 bd	jmp $bda0	        jmp fo_cells
.bc0c					fo_draw_fail:
.bc0c	60		rts		        rts
.bc0d					fo_draw_field:
.bc0d	ad be bf	lda $bfbe	        lda fo_spec             ; record: length, caret, max, buffer, view
.bc10	8d 22 bc	sta $bc22	        sta fo_rec_rd+1
.bc13	8d 54 bc	sta $bc54	        sta fo_rec_wr+1
.bc16	ad bf bf	lda $bfbf	        lda fo_spec+1
.bc19	8d 23 bc	sta $bc23	        sta fo_rec_rd+2
.bc1c	8d 55 bc	sta $bc55	        sta fo_rec_wr+2
.bc1f	a0 05		ldy #$05	        ldy #5
.bc21					fo_rec_rd:
.bc21	b9 ff ff	lda $ffff,y	        lda $ffff,y
.bc24	99 e5 bf	sta $bfe5,y	        sta fo_rec,y
.bc27	88		dey		        dey
.bc28	10 f7		bpl $bc21	        bpl fo_rec_rd
.bc2a	ad e6 bf	lda $bfe6	        lda fo_rec+1            ; keep the caret inside the view
.bc2d	cd ea bf	cmp $bfea	        cmp fo_rec+5
.bc30	b0 03		bcs $bc35	        bcs +
.bc32	8d ea bf	sta $bfea	        sta fo_rec+5
.bc35	ad e6 bf	lda $bfe6	+       lda fo_rec+1
.bc38	38		sec		        sec
.bc39	ed ea bf	sbc $bfea	        sbc fo_rec+5
.bc3c	cd bd bf	cmp $bfbd	        cmp fo_ow
.bc3f	90 0d		bcc $bc4e	        bcc +
.bc41	ad e6 bf	lda $bfe6	        lda fo_rec+1
.bc44	38		sec		        sec
.bc45	ed bd bf	sbc $bfbd	        sbc fo_ow
.bc48	18		clc		        clc
.bc49	69 01		adc #$01	        adc #1
.bc4b	8d ea bf	sta $bfea	        sta fo_rec+5
.bc4e	ad ea bf	lda $bfea	+       lda fo_rec+5
.bc51	a0 05		ldy #$05	        ldy #5
.bc53					fo_rec_wr:
.bc53	99 ff ff	sta $ffff,y	        sta $ffff,y
.bc56	ad e8 bf	lda $bfe8	        lda fo_rec+3            ; the visible bytes
.bc59	18		clc		        clc
.bc5a	6d ea bf	adc $bfea	        adc fo_rec+5
.bc5d	8d 83 bc	sta $bc83	        sta fo_buf_rd+1
.bc60	ad e9 bf	lda $bfe9	        lda fo_rec+4
.bc63	69 00		adc #$00	        adc #0
.bc65	8d 84 bc	sta $bc84	        sta fo_buf_rd+2
.bc68	ad e5 bf	lda $bfe5	        lda fo_rec
.bc6b	38		sec		        sec
.bc6c	ed ea bf	sbc $bfea	        sbc fo_rec+5
.bc6f	b0 02		bcs $bc73	        bcs +
.bc71	a9 00		lda #$00	        lda #0
.bc73	cd bd bf	cmp $bfbd	+       cmp fo_ow
.bc76	90 03		bcc $bc7b	        bcc +
.bc78	ad bd bf	lda $bfbd	        lda fo_ow
.bc7b	8d 54 a0	sta $a054	+       sta gfx_text_length
.bc7e	a0 00		ldy #$00	        ldy #0
.bc80	f0 07		beq $bc89	        beq fo_buf_test
.bc82					fo_buf_rd:
.bc82	b9 ff ff	lda $ffff,y	        lda $ffff,y
.bc85	99 55 a0	sta $a055,y	        sta gfx_text_buffer,y
.bc88	c8		iny		        iny
.bc89					fo_buf_test:
.bc89	cc 54 a0	cpy $a054	        cpy gfx_text_length
.bc8c	d0 f4		bne $bc82	        bne fo_buf_rd
.bc8e	ad c0 bf	lda $bfc0	        lda fo_ax
.bc91	20 2a bd	jsr $bd2a	        jsr fo_text_at_row
.bc94	b0 6f		bcs $bd05	        bcs fo_field_done
.bc96	a9 01		lda #$01	        lda #1                  ; underline: the cells' last pixel row
.bc98	8d 1a 9f	sta $9f1a	        sta gfx_pen
.bc9b	ad c0 bf	lda $bfc0	        lda fo_ax
.bc9e	20 cc bd	jsr $bdcc	        jsr fo_times8
.bca1	8d 12 9f	sta $9f12	        sta gfx_x0
.bca4	8e 13 9f	stx $9f13	        stx gfx_x0+1
.bca7	ad d3 bf	lda $bfd3	        lda fo_c1x
.bcaa	20 cc bd	jsr $bdcc	        jsr fo_times8
.bcad	8d 16 9f	sta $9f16	        sta gfx_x1
.bcb0	8e 17 9f	stx $9f17	        stx gfx_x1+1
.bcb3	ad c1 bf	lda $bfc1	        lda fo_ay
.bcb6	20 cc bd	jsr $bdcc	        jsr fo_times8
.bcb9	18		clc		        clc
.bcba	69 07		adc #$07	        adc #7
.bcbc	8d 14 9f	sta $9f14	        sta gfx_y0
.bcbf	8a		txa		        txa
.bcc0	69 00		adc #$00	        adc #0
.bcc2	8d 15 9f	sta $9f15	        sta gfx_y0+1
.bcc5	ad 14 9f	lda $9f14	        lda gfx_y0
.bcc8	18		clc		        clc
.bcc9	69 01		adc #$01	        adc #1
.bccb	8d 18 9f	sta $9f18	        sta gfx_y1
.bcce	ad 15 9f	lda $9f15	        lda gfx_y0+1
.bcd1	69 00		adc #$00	        adc #0
.bcd3	8d 19 9f	sta $9f19	        sta gfx_y1+1
.bcd6	20 68 99	jsr $9968	        jsr gfx_rect
.bcd9	b0 2a		bcs $bd05	        bcs fo_field_done
.bcdb	ad ce bf	lda $bfce	        lda fo_color
.bcde	20 a0 bd	jsr $bda0	        jsr fo_cells
.bce1	b0 22		bcs $bd05	        bcs fo_field_done
.bce3	ad c4 bf	lda $bfc4	        lda fo_i                ; focused: the caret cell
.bce6	cd c3 bf	cmp $bfc3	        cmp fo_focus
.bce9	d0 19		bne $bd04	        bne fo_field_ok
.bceb	ad e6 bf	lda $bfe6	        lda fo_rec+1
.bcee	38		sec		        sec
.bcef	ed ea bf	sbc $bfea	        sbc fo_rec+5
.bcf2	18		clc		        clc
.bcf3	6d c0 bf	adc $bfc0	        adc fo_ax
.bcf6	8d d1 bf	sta $bfd1	        sta fo_c0x
.bcf9	8d d3 bf	sta $bfd3	        sta fo_c1x
.bcfc	ee d3 bf	inc $bfd3	        inc fo_c1x
.bcff	a9 07		lda #$07	        lda #FOC_FOCUS
.bd01	4c a0 bd	jmp $bda0	        jmp fo_cells
.bd04					fo_field_ok:
.bd04	18		clc		        clc
.bd05					fo_field_done:
.bd05	60		rts		        rts
.bd06					fo_label:
.bd06	ad be bf	lda $bfbe	        lda fo_spec
.bd09	8d 15 bd	sta $bd15	        sta fo_label_rd+1
.bd0c	ad bf bf	lda $bfbf	        lda fo_spec+1
.bd0f	8d 16 bd	sta $bd16	        sta fo_label_rd+2
.bd12	a0 00		ldy #$00	        ldy #0
.bd14					fo_label_rd:
.bd14	b9 ff ff	lda $ffff,y	        lda $ffff,y
.bd17	f0 0d		beq $bd26	        beq +
.bd19	99 55 a0	sta $a055,y	        sta gfx_text_buffer,y
.bd1c	c8		iny		        iny
.bd1d	cc bd bf	cpy $bfbd	        cpy fo_ow
.bd20	b0 04		bcs $bd26	        bcs +
.bd22	c0 26		cpy #$26	        cpy #38
.bd24	d0 ee		bne $bd14	        bne fo_label_rd
.bd26	8c 54 a0	sty $a054	+       sty gfx_text_length
.bd29	60		rts		        rts
.bd2a					fo_text_at_row:
.bd2a	20 cc bd	jsr $bdcc	        jsr fo_times8
.bd2d	8d 12 9f	sta $9f12	        sta gfx_x0
.bd30	8e 13 9f	stx $9f13	        stx gfx_x0+1
.bd33	ad c1 bf	lda $bfc1	        lda fo_ay
.bd36	20 cc bd	jsr $bdcc	        jsr fo_times8
.bd39	8d 14 9f	sta $9f14	        sta gfx_y0
.bd3c	8e 15 9f	stx $9f15	        stx gfx_y0+1
.bd3f					fo_text:
.bd3f	ad 54 a0	lda $a054	        lda gfx_text_length
.bd42	f0 08		beq $bd4c	        beq +
.bd44	a9 01		lda #$01	        lda #1
.bd46	8d 1a 9f	sta $9f1a	        sta gfx_pen
.bd49	4c b1 9f	jmp $9fb1	        jmp gfx_text
.bd4c	18		clc		+       clc
.bd4d	60		rts		        rts
.bd4e					fo_box:
.bd4e	8d 1a 9f	sta $9f1a	        sta gfx_pen
.bd51	ad d1 bf	lda $bfd1	        lda fo_c0x
.bd54	20 cc bd	jsr $bdcc	        jsr fo_times8
.bd57	18		clc		        clc
.bd58	6d d5 bf	adc $bfd5	        adc fo_inset
.bd5b	8d 12 9f	sta $9f12	        sta gfx_x0
.bd5e	8a		txa		        txa
.bd5f	69 00		adc #$00	        adc #0
.bd61	8d 13 9f	sta $9f13	        sta gfx_x0+1
.bd64	ad d2 bf	lda $bfd2	        lda fo_c0y
.bd67	20 cc bd	jsr $bdcc	        jsr fo_times8
.bd6a	18		clc		        clc
.bd6b	6d d5 bf	adc $bfd5	        adc fo_inset
.bd6e	8d 14 9f	sta $9f14	        sta gfx_y0
.bd71	8a		txa		        txa
.bd72	69 00		adc #$00	        adc #0
.bd74	8d 15 9f	sta $9f15	        sta gfx_y0+1
.bd77	ad d3 bf	lda $bfd3	        lda fo_c1x
.bd7a	20 cc bd	jsr $bdcc	        jsr fo_times8
.bd7d	38		sec		        sec
.bd7e	ed d5 bf	sbc $bfd5	        sbc fo_inset
.bd81	8d 16 9f	sta $9f16	        sta gfx_x1
.bd84	8a		txa		        txa
.bd85	e9 00		sbc #$00	        sbc #0
.bd87	8d 17 9f	sta $9f17	        sta gfx_x1+1
.bd8a	ad d4 bf	lda $bfd4	        lda fo_c1y
.bd8d	20 cc bd	jsr $bdcc	        jsr fo_times8
.bd90	38		sec		        sec
.bd91	ed d5 bf	sbc $bfd5	        sbc fo_inset
.bd94	8d 18 9f	sta $9f18	        sta gfx_y1
.bd97	8a		txa		        txa
.bd98	e9 00		sbc #$00	        sbc #0
.bd9a	8d 19 9f	sta $9f19	        sta gfx_y1+1
.bd9d	4c 68 99	jmp $9968	        jmp gfx_rect
.bda0					fo_cells:
.bda0	8d 1b 9f	sta $9f1b	        sta gfx_color
.bda3	a9 00		lda #$00	        lda #0
.bda5	8d 13 9f	sta $9f13	        sta gfx_x0+1
.bda8	8d 17 9f	sta $9f17	        sta gfx_x1+1
.bdab	8d 15 9f	sta $9f15	        sta gfx_y0+1
.bdae	8d 19 9f	sta $9f19	        sta gfx_y1+1
.bdb1	ad d1 bf	lda $bfd1	        lda fo_c0x
.bdb4	8d 12 9f	sta $9f12	        sta gfx_x0
.bdb7	ad d3 bf	lda $bfd3	        lda fo_c1x
.bdba	8d 16 9f	sta $9f16	        sta gfx_x1
.bdbd	ad d2 bf	lda $bfd2	        lda fo_c0y
.bdc0	8d 14 9f	sta $9f14	        sta gfx_y0
.bdc3	ad d4 bf	lda $bfd4	        lda fo_c1y
.bdc6	8d 18 9f	sta $9f18	        sta gfx_y1
.bdc9	4c 6e 99	jmp $996e	        jmp gfx_colors
.bdcc					fo_times8:
.bdcc	a2 00		ldx #$00	        ldx #0
.bdce	8e d6 bf	stx $bfd6	        stx fo_t8
.bdd1	0a		asl a		        asl
.bdd2	2e d6 bf	rol $bfd6	        rol fo_t8
.bdd5	0a		asl a		        asl
.bdd6	2e d6 bf	rol $bfd6	        rol fo_t8
.bdd9	0a		asl a		        asl
.bdda	2e d6 bf	rol $bfd6	        rol fo_t8
.bddd	ae d6 bf	ldx $bfd6	        ldx fo_t8
.bde0	60		rts		        rts
.bde1					fo_transfer_alloc:
.bde1	ad b5 bf	lda $bfb5	        lda fo_w
.bde4	ae b6 bf	ldx $bfb6	        ldx fo_h
.bde7	20 60 bf	jsr $bf60	        jsr fo_mul              ; cells
.bdea	ad e3 bf	lda $bfe3	        lda fo_prod             ; *9 = *8 + *1
.bded	8d df bf	sta $bfdf	        sta fo_bytes
.bdf0	ad e4 bf	lda $bfe4	        lda fo_prod+1
.bdf3	8d e0 bf	sta $bfe0	        sta fo_bytes+1
.bdf6	a2 03		ldx #$03	        ldx #3
.bdf8	0e e3 bf	asl $bfe3	-       asl fo_prod
.bdfb	2e e4 bf	rol $bfe4	        rol fo_prod+1
.bdfe	ca		dex		        dex
.bdff	d0 f7		bne $bdf8	        bne -
.be01	ad e3 bf	lda $bfe3	        lda fo_prod
.be04	18		clc		        clc
.be05	6d df bf	adc $bfdf	        adc fo_bytes
.be08	ad e4 bf	lda $bfe4	        lda fo_prod+1
.be0b	6d e0 bf	adc $bfe0	        adc fo_bytes+1
.be0e	18		clc		        clc
.be0f	69 01		adc #$01	        adc #1                  ; pages, rounded up
.be11	8d 01 3d	sta $3d01	        sta N_PAGES
.be14	ad 20 3d	lda $3d20	        lda N_CURRENT
.be17	8d 00 3d	sta $3d00	        sta N_OWNER
.be1a	a9 ff		lda #$ff	        lda #$ff
.be1c	8d 02 3d	sta $3d02	        sta N_BANK
.be1f	20 20 1c	jsr $1c20	        jsr N_ALLOC
.be22	90 03		bcc $be27	        bcs fo_transfer_done
.be24	4c d1 be	jmp $bed1
.be27	a2 03		ldx #$03	        ldx #3
.be29	bd 04 3d	lda $3d04,x	-       lda N_HANDLE,x
.be2c	9d ad bf	sta $bfad,x	        sta fo_save,x
.be2f	ca		dex		        dex
.be30	10 f7		bpl $be29	        bpl -
.be32	a9 00		lda #$00	        lda #0
.be34	20 3d be	jsr $be3d	        jsr fo_transfer
.be37	90 03		bcc $be3c	        bcc +
.be39	4c 42 b7	jmp $b742	        jmp fo_open_free
.be3c	60		rts		+       rts
.be3d					fo_transfer:
.be3d	8d d7 bf	sta $bfd7	        sta fo_dir
.be40	a9 00		lda #$00	        lda #0
.be42	8d d8 bf	sta $bfd8	        sta fo_row
.be45	8d db bf	sta $bfdb	        sta fo_soff
.be48	8d dc bf	sta $bfdc	        sta fo_soff+1
.be4b					fo_transfer_row:
.be4b	ad b4 bf	lda $bfb4	        lda fo_y                ; bitmap: (y+row)*320 + x*8
.be4e	18		clc		        clc
.be4f	6d d8 bf	adc $bfd8	        adc fo_row
.be52	8d d0 bf	sta $bfd0	        sta fo_cy
.be55	a9 00		lda #$00	        lda #0
.be57	8d da bf	sta $bfda	        sta fo_boff+1
.be5a	ad d0 bf	lda $bfd0	        lda fo_cy               ; *64
.be5d	a2 06		ldx #$06	        ldx #6
.be5f	0a		asl a		-       asl
.be60	2e da bf	rol $bfda	        rol fo_boff+1
.be63	ca		dex		        dex
.be64	d0 f9		bne $be5f	        bne -
.be66	8d d9 bf	sta $bfd9	        sta fo_boff
.be69	ad da bf	lda $bfda	        lda fo_boff+1           ; + *256
.be6c	18		clc		        clc
.be6d	6d d0 bf	adc $bfd0	        adc fo_cy
.be70	8d da bf	sta $bfda	        sta fo_boff+1
.be73	ad b3 bf	lda $bfb3	        lda fo_x
.be76	20 cc bd	jsr $bdcc	        jsr fo_times8
.be79	18		clc		        clc
.be7a	6d d9 bf	adc $bfd9	        adc fo_boff
.be7d	8d d9 bf	sta $bfd9	        sta fo_boff
.be80	8a		txa		        txa
.be81	6d da bf	adc $bfda	        adc fo_boff+1
.be84	8d da bf	sta $bfda	        sta fo_boff+1
.be87	ad b5 bf	lda $bfb5	        lda fo_w                ; w*8 bytes
.be8a	20 cc bd	jsr $bdcc	        jsr fo_times8
.be8d	8d dd bf	sta $bfdd	        sta fo_len
.be90	8e de bf	stx $bfde	        stx fo_len+1
.be93	20 d2 be	jsr $bed2	        jsr fo_copy_run
.be96	b0 39		bcs $bed1	        bcs fo_transfer_done
.be98	ad d0 bf	lda $bfd0	        lda fo_cy               ; colours: 8192 + (y+row)*40 + x
.be9b	a2 28		ldx #$28	        ldx #40
.be9d	20 60 bf	jsr $bf60	        jsr fo_mul
.bea0	ad e3 bf	lda $bfe3	        lda fo_prod
.bea3	18		clc		        clc
.bea4	6d b3 bf	adc $bfb3	        adc fo_x
.bea7	8d d9 bf	sta $bfd9	        sta fo_boff
.beaa	ad e4 bf	lda $bfe4	        lda fo_prod+1
.bead	69 20		adc #$20	        adc #$20
.beaf	8d da bf	sta $bfda	        sta fo_boff+1
.beb2	ad b5 bf	lda $bfb5	        lda fo_w
.beb5	8d dd bf	sta $bfdd	        sta fo_len
.beb8	a9 00		lda #$00	        lda #0
.beba	8d de bf	sta $bfde	        sta fo_len+1
.bebd	20 d2 be	jsr $bed2	        jsr fo_copy_run
.bec0	b0 0f		bcs $bed1	        bcs fo_transfer_done
.bec2	ee d8 bf	inc $bfd8	        inc fo_row
.bec5	ad d8 bf	lda $bfd8	        lda fo_row
.bec8	cd b6 bf	cmp $bfb6	        cmp fo_h
.becb	f0 03		beq $bed0	        bne fo_transfer_row
.becd	4c 4b be	jmp $be4b
.bed0	18		clc		        clc
.bed1					fo_transfer_done:
.bed1	60		rts		        rts
.bed2					fo_copy_run:
.bed2	ad d7 bf	lda $bfd7	        lda fo_dir
.bed5	d0 17		bne $beee	        bne +
.bed7	20 41 bf	jsr $bf41	        jsr fo_select_surface   ; surface -> buffer -> copy
.beda	20 19 bf	jsr $bf19	        jsr fo_at_surface
.bedd	20 26 1c	jsr $1c26	        jsr N_READ
.bee0	b0 36		bcs $bf18	        bcs fo_run_done
.bee2	20 4e bf	jsr $bf4e	        jsr fo_select_save
.bee5	20 28 bf	jsr $bf28	        jsr fo_at_save
.bee8	20 29 1c	jsr $1c29	        jsr N_WRITE
.beeb	4c 02 bf	jmp $bf02	        jmp fo_run_next
.beee	20 4e bf	jsr $bf4e	+       jsr fo_select_save      ; copy -> buffer -> surface
.bef1	20 28 bf	jsr $bf28	        jsr fo_at_save
.bef4	20 26 1c	jsr $1c26	        jsr N_READ
.bef7	b0 1f		bcs $bf18	        bcs fo_run_done
.bef9	20 41 bf	jsr $bf41	        jsr fo_select_surface
.befc	20 19 bf	jsr $bf19	        jsr fo_at_surface
.beff	20 29 1c	jsr $1c29	        jsr N_WRITE
.bf02					fo_run_next:
.bf02	b0 14		bcs $bf18	        bcs fo_run_done
.bf04	ad db bf	lda $bfdb	        lda fo_soff
.bf07	18		clc		        clc
.bf08	6d dd bf	adc $bfdd	        adc fo_len
.bf0b	8d db bf	sta $bfdb	        sta fo_soff
.bf0e	ad dc bf	lda $bfdc	        lda fo_soff+1
.bf11	6d de bf	adc $bfde	        adc fo_len+1
.bf14	8d dc bf	sta $bfdc	        sta fo_soff+1
.bf17	18		clc		        clc
.bf18					fo_run_done:
.bf18	60		rts		        rts
.bf19					fo_at_surface:
.bf19	ad d9 bf	lda $bfd9	        lda fo_boff
.bf1c	8d 08 3d	sta $3d08	        sta N_OFFSET
.bf1f	ad da bf	lda $bfda	        lda fo_boff+1
.bf22	8d 09 3d	sta $3d09	        sta N_OFFSET+1
.bf25	4c 34 bf	jmp $bf34	        jmp fo_count_len
.bf28					fo_at_save:
.bf28	ad db bf	lda $bfdb	        lda fo_soff
.bf2b	8d 08 3d	sta $3d08	        sta N_OFFSET
.bf2e	ad dc bf	lda $bfdc	        lda fo_soff+1
.bf31	8d 09 3d	sta $3d09	        sta N_OFFSET+1
.bf34					fo_count_len:
.bf34	ad dd bf	lda $bfdd	        lda fo_len
.bf37	8d 0a 3d	sta $3d0a	        sta N_COUNT
.bf3a	ad de bf	lda $bfde	        lda fo_len+1
.bf3d	8d 0b 3d	sta $3d0b	        sta N_COUNT+1
.bf40	60		rts		        rts
.bf41					fo_select_surface:
.bf41	a2 03		ldx #$03	        ldx #3
.bf43	bd a9 bf	lda $bfa9,x	-       lda fo_surface,x
.bf46	9d 04 3d	sta $3d04,x	        sta N_HANDLE,x
.bf49	ca		dex		        dex
.bf4a	10 f7		bpl $bf43	        bpl -
.bf4c	30 0b		bmi $bf59	        bmi fo_owner
.bf4e					fo_select_save:
.bf4e	a2 03		ldx #$03	        ldx #3
.bf50	bd ad bf	lda $bfad,x	-       lda fo_save,x
.bf53	9d 04 3d	sta $3d04,x	        sta N_HANDLE,x
.bf56	ca		dex		        dex
.bf57	10 f7		bpl $bf50	        bpl -
.bf59					fo_owner:
.bf59	ad 20 3d	lda $3d20	        lda N_CURRENT
.bf5c	8d 00 3d	sta $3d00	        sta N_OWNER
.bf5f	60		rts		        rts
.bf60					fo_mul:
.bf60	8d e1 bf	sta $bfe1	        sta fo_mul_a
.bf63	8e e2 bf	stx $bfe2	        stx fo_mul_b
.bf66	a9 00		lda #$00	        lda #0
.bf68	8d e3 bf	sta $bfe3	        sta fo_prod
.bf6b	8d e4 bf	sta $bfe4	        sta fo_prod+1
.bf6e	a2 08		ldx #$08	        ldx #8
.bf70	4e e2 bf	lsr $bfe2	-       lsr fo_mul_b
.bf73	90 0a		bcc $bf7f	        bcc +
.bf75	18		clc		        clc
.bf76	ad e4 bf	lda $bfe4	        lda fo_prod+1
.bf79	6d e1 bf	adc $bfe1	        adc fo_mul_a
.bf7c	8d e4 bf	sta $bfe4	        sta fo_prod+1
.bf7f	6e e4 bf	ror $bfe4	+       ror fo_prod+1
.bf82	6e e3 bf	ror $bfe3	        ror fo_prod
.bf85	ca		dex		        dex
.bf86	d0 e8		bne $bf70	        bne -
.bf88	60		rts		        rts
.bf89					fo_glyphs:
>bf89	ff 81 81 81 81 81 81 ff		        .byte $ff,$81,$81,$81,$81,$81,$81,$ff
>bf91	ff c3 a5 99 99 a5 c3 ff		        .byte $ff,$c3,$a5,$99,$99,$a5,$c3,$ff
>bf99	3c 42 81 81 81 81 42 3c		        .byte $3c,$42,$81,$81,$81,$81,$42,$3c
>bfa1	3c 42 99 bd bd 99 42 3c		        .byte $3c,$42,$99,$bd,$bd,$99,$42,$3c
>bfa9	00 00 00 00			fo_surface: .fill 4,0
>bfad	00 00 00 00			fo_save: .fill 4,0
>bfb1	00 00				fo_ptr: .word 0
>bfb3	00				fo_x: .byte 0                   ; header copy: x, y, w, h, n
>bfb4	00				fo_y: .byte 0
>bfb5	00				fo_w: .byte 0
>bfb6	00				fo_h: .byte 0
>bfb7	00				fo_n: .byte 0
>bfb8	00				fo_type: .byte 0                ; fetched object: 8 bytes
>bfb9	00				fo_flags: .byte 0
>bfba	00				fo_state: .byte 0
>bfbb	00				fo_ox: .byte 0
>bfbc	00				fo_oy: .byte 0
>bfbd	00				fo_ow: .byte 0
>bfbe	00 00				fo_spec: .word 0
>bfc0	00				fo_ax: .byte 0
>bfc1	00				fo_ay: .byte 0
>bfc2	00				fo_rows: .byte 0
>bfc3	ff				fo_focus: .byte $ff
>bfc4	00				fo_i: .byte 0
>bfc5	00				fo_j: .byte 0
>bfc6	00				fo_target: .byte 0
>bfc7	00				fo_count: .byte 0
>bfc8	00				fo_flag: .byte 0
>bfc9	00				fo_key: .byte 0
>bfca	00				fo_press: .byte 0
>bfcb	00				fo_prev_button: .byte 0
>bfcc	00				fo_exit: .byte 0
>bfcd	00				fo_error: .byte 0
>bfce	00				fo_color: .byte 0
>bfcf	00				fo_cx: .byte 0
>bfd0	00				fo_cy: .byte 0
>bfd1	00				fo_c0x: .byte 0
>bfd2	00				fo_c0y: .byte 0
>bfd3	00				fo_c1x: .byte 0
>bfd4	00				fo_c1y: .byte 0
>bfd5	00				fo_inset: .byte 0
>bfd6	00				fo_t8: .byte 0
>bfd7	00				fo_dir: .byte 0
>bfd8	00				fo_row: .byte 0
>bfd9	00 00				fo_boff: .word 0
>bfdb	00 00				fo_soff: .word 0
>bfdd	00 00				fo_len: .word 0
>bfdf	00 00				fo_bytes: .word 0
>bfe1	00				fo_mul_a: .byte 0
>bfe2	00				fo_mul_b: .byte 0
>bfe3	00 00				fo_prod: .word 0
>bfe5	00 00 00 00 00 00		fo_rec: .fill 6,0

;******  Return to file: src/native/gemdesk-set.asm

.bfeb					gm_set_end:

;******  End of listing
